liner,sealant,side,table_value,n,mean_cN_25mm,sd_cN_25mm,status
Dolpap,C1E,inner,5.0 ± 0.2,10,5.033661,0.156575,MATCHES_CANONICAL_GENERATOR
Dolpap,U2E,inner,7.9 ± 0.7,10,7.926349,0.728844,MATCHES_CANONICAL_GENERATOR
Dolpap,T1E,inner,6.0 ± 0.7,10,6.012038,0.747148,MATCHES_CANONICAL_GENERATOR
Dolpap,T2E,inner,7.0 ± 0.7,10,7.042857,0.722838,MATCHES_CANONICAL_GENERATOR
Dolpap,C1EN,inner,6.6 ± 1.3,10,6.550350,1.272429,MATCHES_CANONICAL_GENERATOR
Dolpap,T1EN,inner,7.2 ± 1.3,10,7.210816,1.281480,MATCHES_CANONICAL_GENERATOR
Dolpap,T2EN,inner,7.2 ± 0.5,9,7.247910,0.531559,MATCHES_CANONICAL_GENERATOR
Dolpap,C1E,outer,4.9 ± 0.2,10,4.869356,0.230006,MATCHES_CANONICAL_GENERATOR
Dolpap,U2E,outer,8.4 ± 1.4,10,8.380429,1.387209,MATCHES_CANONICAL_GENERATOR
Dolpap,T1E,outer,5.4 ± 0.3,10,5.372958,0.266092,MATCHES_CANONICAL_GENERATOR
Dolpap,T2E,outer,7.0 ± 0.3,10,6.997192,0.337692,MATCHES_CANONICAL_GENERATOR
Dolpap,C1EN,outer,7.5 ± 0.5,10,7.477067,0.471688,MATCHES_CANONICAL_GENERATOR
Dolpap,T1EN,outer,8.4 ± 0.9,10,8.354726,0.878030,MATCHES_CANONICAL_GENERATOR
Dolpap,T2EN,outer,7.6 ± 0.9,10,7.620482,0.902050,MATCHES_CANONICAL_GENERATOR
Dolpap,C1E,force ratio (inner : outer),1:1,,1.033743,,MATCHES_CANONICAL_GENERATOR
Dolpap,U2E,force ratio (inner : outer),1:1,,0.945817,,MATCHES_CANONICAL_GENERATOR
Dolpap,T1E,force ratio (inner : outer),1:1,,1.118944,,MATCHES_CANONICAL_GENERATOR
Dolpap,T2E,force ratio (inner : outer),1:1,,1.006526,,MATCHES_CANONICAL_GENERATOR
Dolpap,C1EN,force ratio (inner : outer),1:1,,0.876059,,MATCHES_CANONICAL_GENERATOR
Dolpap,T1EN,force ratio (inner : outer),1:1,,0.863082,,MATCHES_CANONICAL_GENERATOR
Dolpap,T2EN,force ratio (inner : outer),1:1,,0.951109,,MATCHES_CANONICAL_GENERATOR
Rossella,C1E,inner,10.5 ± 0.5,5,10.547502,0.536058,MATCHES_CANONICAL_GENERATOR
Rossella,U2E,inner,10.0 ± 0.3,10,10.045937,0.283603,MATCHES_CANONICAL_GENERATOR
Rossella,T1E,inner,9.0 ± 0.8,10,8.976990,0.832287,MATCHES_CANONICAL_GENERATOR
Rossella,T2E,inner,10.8 ± 1.5,10,10.778992,1.526533,MATCHES_CANONICAL_GENERATOR
Rossella,C1EN,inner,15.0 ± 3.2,10,15.027693,3.208866,MATCHES_CANONICAL_GENERATOR
Rossella,T1EN,inner,16.4 ± 4.8,10,16.449651,4.783740,MATCHES_CANONICAL_GENERATOR
Rossella,T2EN,inner,12.9 ± 2.1,10,12.869178,2.129240,MATCHES_CANONICAL_GENERATOR
Rossella,C1E,outer,12.5 ± 1.6,10,12.478882,1.559123,MATCHES_CANONICAL_GENERATOR
Rossella,U2E,outer,238.4 ± 73.9,10,238.440515,73.869760,MATCHES_CANONICAL_GENERATOR
Rossella,T1E,outer,9.4 ± 0.5,10,9.385515,0.532381,MATCHES_CANONICAL_GENERATOR
Rossella,T2E,outer,10.5 ± 0.8,10,10.490578,0.813143,MATCHES_CANONICAL_GENERATOR
Rossella,C1EN,outer,11.7 ± 1.6,10,11.705608,1.567323,MATCHES_CANONICAL_GENERATOR
Rossella,T1EN,outer,25.9 ± 9.3,10,25.924935,9.258342,MATCHES_CANONICAL_GENERATOR
Rossella,T2EN,outer,11.6 ± 0.6,10,11.644244,0.647774,MATCHES_CANONICAL_GENERATOR
Rossella,C1E,force ratio (inner : outer),1:1,,0.845228,,MATCHES_CANONICAL_GENERATOR
Rossella,U2E,force ratio (inner : outer),1:24,,0.042132,,MATCHES_CANONICAL_GENERATOR
Rossella,T1E,force ratio (inner : outer),1:1,,0.956473,,MATCHES_CANONICAL_GENERATOR
Rossella,T2E,force ratio (inner : outer),1:1,,1.027493,,MATCHES_CANONICAL_GENERATOR
Rossella,C1EN,force ratio (inner : outer),1:1,,1.283803,,MATCHES_CANONICAL_GENERATOR
Rossella,T1EN,force ratio (inner : outer),1:2,,0.634511,,MATCHES_CANONICAL_GENERATOR
Rossella,T2EN,force ratio (inner : outer),1:1,,1.105197,,MATCHES_CANONICAL_GENERATOR
Crosil 42,C1E,inner,3.9 ± 1.2,10,3.867234,1.184819,MATCHES_CANONICAL_GENERATOR
Crosil 42,U2E,inner,11.6 ± 1.4,10,11.608821,1.433090,MATCHES_CANONICAL_GENERATOR
Crosil 42,T1E,inner,4.3 ± 0.7,10,4.323833,0.670416,MATCHES_CANONICAL_GENERATOR
Crosil 42,T2E,inner,4.6 ± 0.5,10,4.569242,0.494255,MATCHES_CANONICAL_GENERATOR
Crosil 42,C1EN,inner,8.0 ± 2.3,10,7.976518,2.318489,MATCHES_CANONICAL_GENERATOR
Crosil 42,T1EN,inner,10.8 ± 1.5,10,10.837636,1.470708,MATCHES_CANONICAL_GENERATOR
Crosil 42,T2EN,inner,8.6 ± 0.5,10,8.555909,0.452762,MATCHES_CANONICAL_GENERATOR
Crosil 42,C1E,outer,6.4 ± 0.6,11,6.365608,0.630049,MATCHES_CANONICAL_GENERATOR
Crosil 42,U2E,outer,17.8 ± 15.6,10,17.827953,15.557659,MATCHES_CANONICAL_GENERATOR
Crosil 42,T1E,outer,5.3 ± 0.5,10,5.338727,0.539089,MATCHES_CANONICAL_GENERATOR
Crosil 42,T2E,outer,8.3 ± 1.2,11,8.323313,1.169585,MATCHES_CANONICAL_GENERATOR
Crosil 42,C1EN,outer,6.4 ± 0.8,10,6.444595,0.809547,MATCHES_CANONICAL_GENERATOR
Crosil 42,T1EN,outer,8.4 ± 0.7,10,8.449285,0.735354,MATCHES_CANONICAL_GENERATOR
Crosil 42,T2EN,outer,8.3 ± 0.8,10,8.287777,0.822627,MATCHES_CANONICAL_GENERATOR
Crosil 42,C1E,force ratio (inner : outer),1:2,,0.607520,,MATCHES_CANONICAL_GENERATOR
Crosil 42,U2E,force ratio (inner : outer),1:2,,0.651158,,MATCHES_CANONICAL_GENERATOR
Crosil 42,T1E,force ratio (inner : outer),1:1,,0.809900,,MATCHES_CANONICAL_GENERATOR
Crosil 42,T2E,force ratio (inner : outer),1:2,,0.548969,,MATCHES_CANONICAL_GENERATOR
Crosil 42,C1EN,force ratio (inner : outer),1:1,,1.237707,,MATCHES_CANONICAL_GENERATOR
Crosil 42,T1EN,force ratio (inner : outer),1:1,,1.282669,,MATCHES_CANONICAL_GENERATOR
Crosil 42,T2EN,force ratio (inner : outer),1:1,,1.032353,,MATCHES_CANONICAL_GENERATOR
