sealant,liner,side,liner_label,side_label,file,n_replicates,mean_release_cN_25mm_mean,mean_release_cN_25mm_std,mean_release_cN_25mm_median,noise_std_cN_25mm_median,noise_std_cN_25mm_max,noise_max_abs_cN_25mm_median,noise_max_abs_cN_25mm_max,peaks_0.5cN_mean,peaks_0.5cN_median,peaks_0.5cN_sum,peaks_0.5cN_std,peaks_1cN_mean,peaks_1cN_median,peaks_1cN_sum,peaks_1cN_std,peaks_1.4cN_mean,peaks_1.4cN_median,peaks_1.4cN_sum,peaks_1.4cN_std,peaks_2cN_mean,peaks_2cN_median,peaks_2cN_sum,peaks_2cN_std,peaks_3cN_mean,peaks_3cN_median,peaks_3cN_sum,peaks_3cN_std
C1E,crosil42,external,Crosil 42,outer,20250331_C1E_crosil42_external.csv,12,6.365715505369805,0.6299336674246686,6.52825888299029,0.06083202898978656,0.1360995409718691,0.1513642565755326,0.4415297821537829,12.083333333333334,11.0,145,10.148518327441904,2.5833333333333335,1.5,31,3.117642854737689,2.0,1.0,24,2.8919952219248852,1.1666666666666667,0.0,14,1.6422453217986943,0.5833333333333334,0.0,7,0.90033663737852
C1E,crosil42,internal,Crosil 42,inner,20250404_C1E_crosil42_internal.csv,10,3.867234037300989,1.1848143746854554,3.7168149136092277,0.060510509035835165,0.12302241001384809,0.14364392797313416,0.33363801386278,1.0,0.0,10,1.4142135623730951,0.4,0.0,4,0.6992058987801011,0.1,0.0,1,0.31622776601683794,0.0,0.0,0,0.0,0.0,0.0,0,0.0
C1E,dolpap,external,Dolpap,outer,20250617_C1E_dolpap_external.csv,10,4.86938881085286,0.2299930416788133,4.864742030725363,0.064633142401119,0.11358671351967957,0.15630588870442308,0.27373898460517504,4.9,1.5,49,7.766738197095498,0.9,0.0,9,1.728840330651992,0.2,0.0,2,0.6324555320336759,0.2,0.0,2,0.6324555320336759,0.1,0.0,1,0.31622776601683794
C1E,dolpap,internal,Dolpap,inner,20250617_C1E_dolpap_internal.csv,10,5.033677298901622,0.15657155988475477,5.032373759867159,0.07104341041245363,0.13405008241165187,0.174957261730429,0.3449213826299027,0.1,0.0,1,0.31622776601683794,0.0,0.0,0,0.0,0.0,0.0,0,0.0,0.0,0.0,0,0.0,0.0,0.0,0,0.0
C1E,rossella,external,Rossella,outer,20250318_C1E_rossella_external.csv,12,12.478868020572348,1.559105015103884,12.850615124417978,0.08037371866575593,0.34336062700739234,0.19095591733702919,0.9325488939474235,80.0,93.5,960,41.4004830889689,23.583333333333332,21.0,283,18.903863642283834,7.25,6.0,87,5.986727744846018,1.25,0.0,15,2.0056737702645644,0.3333333333333333,0.0,4,0.6513389472789296
C1E,rossella,internal,Rossella,inner,20250318_C1E_rossella_internal.csv,10,10.547502601082725,0.5360533920236339,10.408488718315672,0.03877158126934962,0.06212487052630428,0.08238099200206378,0.1642837896449159,39.3,22.0,393,43.909123324328746,13.7,3.5,137,19.154633904097462,5.7,0.0,57,9.322016949137135,1.1,0.0,11,2.5144029554194813,0.1,0.0,1,0.31622776601683794
C1EN,crosil42,external,Crosil 42,outer,20250519_C1EN_crosil42_external.csv,10,6.44456942695934,0.8095615711536331,6.166395989492526,0.09167949291100636,0.14248082391241765,0.21156503183586448,0.5290206092281596,3.0,1.0,30,4.4969125210773475,0.3,0.0,3,0.9486832980505138,0.2,0.0,2,0.6324555320336759,0.0,0.0,0,0.0,0.0,0.0,0,0.0
C1EN,crosil42,internal,Crosil 42,inner,20250519_C1EN_crosil42_internal.csv,10,7.976494820988663,2.318480623205885,7.168188561544101,0.07517619429724774,0.13372798449241452,0.2314322341190715,0.3251140730305382,22.3,16.5,223,25.280866722132416,5.1,1.5,51,7.4899933244296015,2.3,1.5,23,3.4334951418181574,0.7,0.0,7,1.0593499054713802,0.3,0.0,3,0.674948557710553
C1EN,dolpap,external,Dolpap,outer,20250516_C1EN_dolpap_external.csv,10,7.4770824669955145,0.4717240698116904,7.430469132234187,0.06769855286050816,0.22293133167064016,0.14835645917866716,0.6436197814555922,19.5,11.0,195,19.334770061558356,3.9,1.5,39,5.78215646046813,1.5,0.0,15,2.3213980461973533,0.3,0.0,3,0.9486832980505138,0.0,0.0,0,0.0
C1EN,dolpap,internal,Dolpap,inner,20250519_C1EN_dolpap_internal.csv,10,6.550329704126379,1.2724318374219898,6.2523066766548805,0.06749191566950463,0.12323117092443285,0.18046198267733826,0.266751566363075,26.0,19.5,260,24.77453890141606,8.2,4.0,82,10.685400216078843,4.1,1.5,41,6.172519744804386,1.9,0.0,19,3.2128215360057304,0.5,0.0,5,0.8498365855987975
C1EN,rossella,external,Rossella,outer,20250521_C1EN_rossella_external.csv,10,11.705623124046907,1.5672999358961794,11.400244954728464,0.05587179495669574,0.07412747627705078,0.1478293095086078,0.16935338688943885,13.4,12.5,134,9.617114374327098,3.0,1.0,30,4.760952285695233,1.8,0.0,18,5.028805910838963,1.3,0.0,13,4.110960958218892,0.9,0.0,9,2.8460498941515415
C1EN,rossella,internal,Rossella,inner,20250521_C1EN_rossella_internal.csv,10,15.027697135807495,3.208883762508267,13.791791485433052,0.05884989494899282,0.21581341466060397,0.16734818840626806,0.47852452631019904,35.4,38.5,354,22.921120779267703,14.9,9.0,149,20.024706961373713,10.9,4.0,109,19.450506991392853,8.5,0.0,85,18.727579187450317,6.5,0.0,65,15.414639506362485
T1E,crosil42,external,Crosil 42,outer,20250428_T1E_crosil42_external.csv,10,5.338712616527557,0.5390507735432346,5.4329267280288605,0.06853528101906461,0.08972095387946859,0.16866622700560097,0.22117087032031915,2.8,0.5,28,4.237399621885521,1.6,0.0,16,3.777124126457412,1.1,0.0,11,2.8460498941515415,0.8,0.0,8,2.2010098692292237,0.7,0.0,7,2.2135943621178655
T1E,crosil42,internal,Crosil 42,inner,20250425_T1E_crosil42_internal.csv,10,4.323856718464016,0.6704228469670229,4.498806029712183,0.07406565821277725,0.10197014304704341,0.1678218694398786,0.22674691813092274,0.7,0.0,7,1.2516655570345725,0.0,0.0,0,0.0,0.0,0.0,0,0.0,0.0,0.0,0,0.0,0.0,0.0,0,0.0
T1E,dolpap,external,Dolpap,outer,20250430_T1E_dolpap_external.csv,10,5.373033698480835,0.2660942800607418,5.3613591021301685,0.05972106169840478,0.09637190428730101,0.14922209382195384,0.2737507589529675,5.6,3.5,56,5.621387729022079,1.6,0.0,16,2.503331114069145,0.9,0.0,9,1.911950719959998,0.6,0.0,6,1.2649110640673518,0.2,0.0,2,0.4216370213557839
T1E,dolpap,internal,Dolpap,inner,20250505_T1E_dolpap_internal.csv,10,6.01192883516703,0.7472141139829033,5.995536868024022,0.06317042339992773,0.08160842349361146,0.15409866850454662,0.29659834719858896,12.1,9.5,121,12.458375139283257,3.0,3.5,30,2.748737083745107,2.0,2.0,20,1.9436506316151,1.0,0.0,10,1.4907119849998598,0.7,0.0,7,1.0593499054713802
T1E,rossella,external,Rossella,outer,20250423_T1E_rossella_external.csv,10,9.385556674280839,0.5323409003776465,9.291366716323754,0.05584445483951328,0.08615539033816576,0.1331042254688797,0.2129649591470155,11.6,10.5,116,9.766154707855993,1.0,0.0,10,2.0,0.2,0.0,2,0.6324555320336759,0.0,0.0,0,0.0,0.0,0.0,0,0.0
T1E,rossella,internal,Rossella,inner,20250417_T1E_rossella_internal.csv,10,8.976987295505532,0.8322753875018308,9.123228804813554,0.08027528800077421,0.15829998255584135,0.17662194103349232,0.5682159074961718,66.9,81.5,669,42.96109350977411,27.8,27.5,278,25.24458137678042,11.7,11.5,117,11.264990013311154,6.1,5.0,61,7.880355321938218,2.5,2.5,25,2.5055493963954847
T1EN,crosil42,external,Crosil 42,outer,20250514_T1EN_crosil42_external.csv,10,8.449287342309223,0.7353541167918801,8.483797963368936,0.06703726600971394,0.09379821204058884,0.18081329409634167,0.2801527751543219,38.2,20.5,382,41.69412428628283,4.4,0.0,44,8.783823515733657,0.8,0.0,8,1.6193277068654826,0.1,0.0,1,0.31622776601683794,0.1,0.0,1,0.31622776601683794
T1EN,crosil42,internal,Crosil 42,inner,20250514_T1EN_crosil42_internal.csv,10,8.449287342309223,0.7353541167918801,8.483797963368936,0.06703726600971394,0.09379821204058884,0.18081329409634167,0.2801527751543219,38.2,20.5,382,41.69412428628283,4.4,0.0,44,8.783823515733657,0.8,0.0,8,1.6193277068654826,0.1,0.0,1,0.31622776601683794,0.1,0.0,1,0.31622776601683794
T1EN,dolpap,external,Dolpap,outer,20250516_T1EN_dolpap_external.csv,10,8.354731111246526,0.8780278105000098,8.369051007859522,0.07972799160905042,0.2055378822764007,0.2023167653034187,0.47631998944356113,40.8,52.0,408,33.44248794572557,4.4,0.5,44,6.397916327472042,1.0,0.0,10,2.0,0.1,0.0,1,0.31622776601683794,0.0,0.0,0,0.0
T1EN,dolpap,internal,Dolpap,inner,20250516_T1EN_dolpap_internal.csv,10,7.210819945492666,1.2814712494784335,6.7007021459449785,0.0636146051814027,0.11279664750636524,0.16789981251503208,0.3159616543503274,9.2,1.0,92,15.949921629901509,1.6,0.0,16,4.402019738458447,0.9,0.0,9,2.5144029554194813,0.5,0.0,5,1.2692955176439846,0.1,0.0,1,0.31622776601683794
T1EN,rossella,external,Rossella,outer,20250512_T1EN_rossella_external.csv,10,25.924933299721836,9.258326430274362,24.4356232510875,0.055696912272419505,0.07465319028730141,0.14872262991967217,0.19184359668279663,73.9,81.0,739,26.434195025887714,40.5,38.0,405,20.99867720701579,24.1,22.5,241,15.4879881772223,12.7,10.0,127,11.38273546502187,5.7,3.0,57,5.926400443964466
T1EN,rossella,internal,Rossella,inner,20250514_T1EN_rossella_internal.csv,10,16.449651348204537,4.783743270303325,16.361638996963624,0.07121800712429906,0.09155968398563766,0.16719564620345756,0.21686232339704273,35.5,35.5,355,22.79497995417217,8.6,7.0,86,8.783823515733655,3.3,1.0,33,4.423422506008969,0.6,0.0,6,1.07496769977314,0.1,0.0,1,0.31622776601683794
T2E,crosil42,external,Crosil 42,outer,20250409_T2E_crosil42_external.csv,11,8.323346718932976,1.1696504242211812,8.256980821791547,0.07002523421202451,0.12018971099621192,0.17268409757070086,0.3535229225508491,27.363636363636363,19.0,301,20.819571212072198,12.090909090909092,11.0,133,10.949470721953142,6.545454545454546,4.0,72,8.536552423123007,3.727272727272727,1.0,41,7.01556710595671,2.4545454545454546,0.0,27,6.006057548236386
T2E,crosil42,internal,Crosil 42,inner,20250411_T2E_crosil42_internal.csv,10,4.569257491163336,0.49424385531827103,4.4048015815835395,0.07365978328383713,0.10070773021561544,0.1715051546039183,0.2314011742640093,11.6,5.0,116,13.777598565142702,1.1,0.0,11,1.66332999331662,0.0,0.0,0,0.0,0.0,0.0,0,0.0,0.0,0.0,0,0.0
T2E,dolpap,external,Dolpap,outer,20250509_T2E_dolpap_external.csv,10,6.997208157044035,0.33769868284403637,6.951519760044315,0.05798291043545382,0.11647764853571639,0.15222573280623367,0.4008764666785029,17.2,6.5,172,22.56742982461425,5.4,1.0,54,11.403703102257813,3.4,0.5,34,8.044321668799123,1.0,0.0,10,1.7638342073763937,0.6,0.0,6,0.9660917830792959
T2E,dolpap,internal,Dolpap,inner,20250507_T2E_dolpap_internal.csv,10,7.042853829660866,0.7228336743855674,7.049803245455788,0.06515647379286546,0.09131263648357589,0.1715119659067355,0.2307070555907226,52.9,28.5,529,61.74580507568465,25.5,6.0,255,37.880660559769076,16.2,0.5,162,29.835847193900456,8.6,0.5,86,20.078733913161845,3.5,0.0,35,8.708233651742086
T2E,rossella,external,Rossella,outer,20250416_T2E_rossella_external.csv,10,10.49057073832898,0.8131480992743614,10.312385509644422,0.0630536183084956,0.21986680218534002,0.16154206034265875,0.6510999375656634,10.1,9.5,101,7.866242926440664,1.0,0.0,10,2.4944382578492945,0.5,0.0,5,1.2692955176439848,0.2,0.0,2,0.6324555320336759,0.1,0.0,1,0.31622776601683794
T2E,rossella,internal,Rossella,inner,20250414_T2E_rossella_internal.csv,10,10.778983756695064,1.526528334515112,10.56694989798642,0.06602224944483177,0.12993847173915984,0.17695282508311808,0.3722983518106543,25.2,14.0,252,21.998989875800106,11.6,1.5,116,14.400617270720646,8.7,0.0,87,12.419071355513395,5.8,0.0,58,8.297255235585105,2.0,0.0,20,3.7416573867739418
T2EN,crosil42,external,Crosil 42,outer,20250523_T2EN_crosil42_external.csv,10,8.287700938381699,0.8226064200640858,8.034562461171177,0.07218788270141283,0.16915670417181353,0.18475101640881464,0.4943762243128454,41.3,40.0,413,14.72752525036029,15.7,15.0,157,10.198583779677996,7.0,5.0,70,5.962847939999438,1.8,1.5,18,1.873795909674026,0.6,0.0,6,1.07496769977314
T2EN,crosil42,internal,Crosil 42,inner,20250523_T2EN_crosil42_internal.csv,10,8.555915075775193,0.45273914304676505,8.647428800324459,0.06831561316728443,0.12915563545425687,0.16184457161750654,0.27936337365589176,10.4,3.5,104,12.473972903610141,1.5,0.0,15,2.4608038433722332,0.2,0.0,2,0.4216370213557839,0.1,0.0,1,0.31622776601683794,0.1,0.0,1,0.31622776601683794
T2EN,dolpap,external,Dolpap,outer,20250521_T2EN_dolpap_external.csv,10,7.6205010351149385,0.9020624344627973,7.562642207568568,0.0645105746701575,0.08868755952726175,0.14321565882318454,0.3339150637428466,10.4,2.5,104,15.55063414212495,4.0,0.5,40,7.930251502246879,1.3,0.0,13,2.263232692902394,0.6,0.0,6,1.07496769977314,0.0,0.0,0,0.0
T2EN,dolpap,internal,Dolpap,inner,20250521_T2EN_dolpap_internal.csv,9,7.247926458474958,0.5315533341296942,7.1454104881807385,0.055473854253208,0.10701527438718289,0.14008934886459606,0.3179479870039951,11.0,3.0,99,18.472953201911167,4.111111111111111,0.0,37,8.623288880184353,1.8888888888888888,0.0,17,4.960958688712406,1.0,0.0,9,2.345207879911715,0.3333333333333333,0.0,3,0.7071067811865476
T2EN,rossella,external,Rossella,outer,20250523_T2EN_rossella_external.csv,10,11.644242477654407,0.6477622384799809,11.589960016778942,0.06761213601421776,0.07523326214673083,0.16861571928900532,0.19939378339055208,7.4,7.0,74,6.003702561290361,0.4,0.0,4,0.6992058987801011,0.1,0.0,1,0.31622776601683794,0.0,0.0,0,0.0,0.0,0.0,0,0.0
T2EN,rossella,internal,Rossella,inner,20250523_T2EN_rossella_internal.csv,10,12.869017410422998,2.128809267367473,12.050148124158344,0.07146588916479395,0.08475066550279553,0.17878580872929212,0.23087073934176922,27.7,24.0,277,20.30900183552987,12.6,2.5,126,19.219203359603064,9.3,2.0,93,17.192052427405713,6.7,0.0,67,15.224614572753193,4.5,0.0,45,12.501111061732782
U2E,crosil42,external,Crosil 42,outer,20250528_U2E_crosil42_external.csv,10,17.82765478664762,15.557672194959007,11.37184972239064,0.07456287340458956,0.11928638241259715,0.189125442151432,0.3314252940200719,71.4,73.5,714,10.156552345927016,48.6,43.5,486,12.267391282945567,37.3,31.5,373,17.981780903026387,28.5,25.5,285,20.006943239230168,19.6,11.5,196,19.872929661560555
U2E,crosil42,internal,Crosil 42,inner,20250523_U2E_crosil42_internal.csv,10,11.608841530290041,1.4330983519166733,11.057868898275288,0.06343039483932467,0.0909773347755612,0.17876899272413138,0.247685703436741,26.9,32.5,269,15.961411800547804,10.8,12.0,108,8.727988186161676,6.5,5.5,65,7.8351061823621055,4.0,0.0,40,7.571877794400365,3.4,0.0,34,7.411702458499891
U2E,dolpap,external,Dolpap,outer,20250602_U2E_dolpap_external.csv,10,8.38046054230761,1.3872911240947692,7.62263800044612,0.05804795477618885,0.10972650623007982,0.14844247611166322,0.24802431898566488,18.0,9.0,180,22.085691697969928,9.1,1.5,91,14.992220204715068,6.9,1.0,69,11.883228143526956,4.8,0.0,48,9.114091653405,2.4,0.0,24,5.037636129950016
U2E,dolpap,internal,Dolpap,inner,20250602_U2E_dolpap_internal.csv,10,7.926336535221087,0.7288807784802978,7.757181213883794,0.05996351793113268,0.11256295251817726,0.14593006906023762,0.2397576243153481,1.2,0.0,12,2.780887148615228,0.1,0.0,1,0.31622776601683794,0.0,0.0,0,0.0,0.0,0.0,0,0.0,0.0,0.0,0,0.0
U2E,rossella,external,Rossella,outer,20250602_U2E_rossella_external.csv,10,238.44088372088405,73.87132584971219,249.5112477519275,0.05896659600922301,0.07331348636987225,0.15123195445724197,0.24471623176235044,42.6,37.0,426,14.222048610051461,42.5,36.5,425,14.261447643520937,42.3,36.5,423,13.8728351664523,42.0,36.5,420,13.39983416149452,41.5,36.5,415,12.9378857967169
U2E,rossella,internal,Rossella,inner,20250602_U2E_rossella_internal.csv,10,10.045927892540178,0.28359323709318807,10.133666586328472,0.07031950649023072,0.09357911092718357,0.19409174619312913,0.2688052164246136,1.7,0.0,17,3.2676869155073254,0.3,0.0,3,0.9486832980505138,0.1,0.0,1,0.31622776601683794,0.0,0.0,0,0.0,0.0,0.0,0,0.0
