figure,liner,liner_label,sealant,side,side_label,dataset_file,replicate,total_replicates_in_file,valid_release_window,mean_release_cN_25mm,sd_trace_cN_25mm,n_samples_50_200mm,disp_min_used_mm,disp_max_used_mm,peak_count_1p4cN,max_abs_residual_cN_25mm,noise_std_cN_25mm,noise_max_abs_cN_25mm,noise_samples,instrument_peak_hz,filter_cutoff_hz
1,dolpap,Dolpap,C1E,external,outer,20250617_C1E_dolpap_external.csv,1_1,10,1,5.001507,0.263820,3000,50.031130,199.981300,0,0.896660,0.062424,0.184488,80,8.750000,7.000000
1,dolpap,Dolpap,C1E,external,outer,20250617_C1E_dolpap_external.csv,1_2,10,1,4.652510,0.370475,3000,50.031250,199.981300,0,0.378987,0.062838,0.132541,80,8.750000,7.000000
1,dolpap,Dolpap,C1E,external,outer,20250617_C1E_dolpap_external.csv,1_3,10,1,5.170825,0.352355,3000,50.031250,199.981300,0,0.512603,0.080701,0.198917,80,8.750000,7.000000
1,dolpap,Dolpap,C1E,external,outer,20250617_C1E_dolpap_external.csv,1_4,10,1,4.692421,0.668156,3000,50.031250,199.981300,2,3.413760,0.071785,0.184355,80,8.750000,7.000000
1,dolpap,Dolpap,C1E,external,outer,20250617_C1E_dolpap_external.csv,1_5,10,1,4.921843,0.436017,3000,50.031250,199.981300,0,1.256050,0.066428,0.143627,80,8.750000,7.000000
1,dolpap,Dolpap,C1E,external,outer,20250617_C1E_dolpap_external.csv,1_6,10,1,4.894657,0.346334,3000,50.031250,199.981300,0,1.026754,0.067733,0.168985,80,8.750000,7.000000
1,dolpap,Dolpap,C1E,external,outer,20250617_C1E_dolpap_external.csv,1_7,10,1,4.503880,0.335297,3000,50.031250,199.981400,0,0.329502,0.113587,0.273739,80,8.750000,7.000000
1,dolpap,Dolpap,C1E,external,outer,20250617_C1E_dolpap_external.csv,1_8,10,1,5.246594,0.263357,3000,50.031250,199.981300,0,0.953476,0.062293,0.134440,80,8.750000,7.000000
1,dolpap,Dolpap,C1E,external,outer,20250617_C1E_dolpap_external.csv,1_9,10,1,4.774629,0.368680,3000,50.031250,199.981300,0,0.372207,0.058156,0.135106,80,8.750000,7.000000
1,dolpap,Dolpap,C1E,external,outer,20250617_C1E_dolpap_external.csv,1_10,10,1,4.834696,0.122993,3000,50.031250,199.981300,0,0.310769,0.054656,0.139594,80,8.750000,7.000000
1,dolpap,Dolpap,C1E,internal,inner,20250617_C1E_dolpap_internal.csv,1_1,10,1,4.905367,0.335331,3000,50.031250,199.981300,0,0.473298,0.069199,0.169121,80,8.750000,7.000000
1,dolpap,Dolpap,C1E,internal,inner,20250617_C1E_dolpap_internal.csv,1_2,10,1,4.955317,0.283282,3000,50.031250,199.981300,0,0.355857,0.053776,0.122840,80,8.750000,7.000000
1,dolpap,Dolpap,C1E,internal,inner,20250617_C1E_dolpap_internal.csv,1_3,10,1,4.804989,0.190509,3000,50.031250,199.981300,0,0.318000,0.052965,0.167538,80,8.750000,7.000000
1,dolpap,Dolpap,C1E,internal,inner,20250617_C1E_dolpap_internal.csv,1_4,10,1,4.857330,0.334094,3000,50.031250,199.981300,0,0.399379,0.067556,0.153450,80,8.750000,7.000000
1,dolpap,Dolpap,C1E,internal,inner,20250617_C1E_dolpap_internal.csv,1_5,10,1,5.003042,0.324341,3000,50.031250,199.981300,0,0.368083,0.134050,0.344921,80,8.750000,7.000000
1,dolpap,Dolpap,C1E,internal,inner,20250617_C1E_dolpap_internal.csv,1_6,10,1,5.089320,0.427447,3000,50.031250,199.981300,0,0.454047,0.091844,0.210274,80,8.750000,7.000000
1,dolpap,Dolpap,C1E,internal,inner,20250617_C1E_dolpap_internal.csv,1_7,10,1,5.061665,0.445973,3000,50.031250,199.981300,0,0.585626,0.073656,0.234531,80,8.750000,7.000000
1,dolpap,Dolpap,C1E,internal,inner,20250617_C1E_dolpap_internal.csv,1_8,10,1,5.243376,0.270457,3000,50.031130,199.981300,0,0.323317,0.060496,0.152101,80,8.750000,7.000000
1,dolpap,Dolpap,C1E,internal,inner,20250617_C1E_dolpap_internal.csv,1_9,10,1,5.158102,0.274895,3000,50.031130,199.981300,0,0.397645,0.072888,0.180793,80,8.750000,7.000000
1,dolpap,Dolpap,C1E,internal,inner,20250617_C1E_dolpap_internal.csv,1_10,10,1,5.258105,0.297133,3000,50.031380,199.981300,0,0.419805,0.077547,0.209526,80,8.750000,7.000000
2,dolpap,Dolpap,U2E,external,outer,20250602_U2E_dolpap_external.csv,1_1,10,1,8.896829,1.109245,3000,50.031000,199.981000,4,5.309981,0.109727,0.248024,80,5.000000,4.000000
2,dolpap,Dolpap,U2E,external,outer,20250602_U2E_dolpap_external.csv,1_2,10,1,7.601583,0.512071,3000,50.031000,199.981100,0,0.821863,0.053030,0.145369,80,5.000000,4.000000
2,dolpap,Dolpap,U2E,external,outer,20250602_U2E_dolpap_external.csv,1_3,10,1,11.502631,8.022904,3000,50.031000,199.981000,10,63.652773,0.052750,0.140724,80,5.000000,4.000000
2,dolpap,Dolpap,U2E,external,outer,20250602_U2E_dolpap_external.csv,1_4,10,1,8.045391,0.620239,3000,50.031000,199.981100,1,1.662658,0.037569,0.088468,80,5.000000,4.000000
2,dolpap,Dolpap,U2E,external,outer,20250602_U2E_dolpap_external.csv,1_5,10,1,7.620139,0.230714,3000,50.031000,199.981000,0,0.680991,0.064422,0.157779,80,5.000000,4.000000
2,dolpap,Dolpap,U2E,external,outer,20250602_U2E_dolpap_external.csv,1_6,10,1,10.095511,2.559720,3000,50.031000,199.981000,14,8.724037,0.061712,0.195264,80,5.000000,4.000000
2,dolpap,Dolpap,U2E,external,outer,20250602_U2E_dolpap_external.csv,1_7,10,1,7.433388,0.334176,3000,50.031000,199.981000,1,1.646242,0.063863,0.158376,80,5.000000,4.000000
2,dolpap,Dolpap,U2E,external,outer,20250602_U2E_dolpap_external.csv,1_8,10,1,7.590443,1.196604,3000,50.031000,199.981000,2,9.752722,0.047424,0.105097,80,5.000000,4.000000
2,dolpap,Dolpap,U2E,external,outer,20250602_U2E_dolpap_external.csv,1_9,10,1,7.625043,0.395138,3000,50.031000,199.981000,0,0.441601,0.062739,0.150817,80,5.000000,4.000000
2,dolpap,Dolpap,U2E,external,outer,20250602_U2E_dolpap_external.csv,1_10,10,1,7.393331,0.227727,3000,50.031000,199.981100,0,0.636276,0.054384,0.146068,80,5.000000,4.000000
2,dolpap,Dolpap,U2E,internal,inner,20250602_U2E_dolpap_internal.csv,1_1,10,1,8.945193,0.572773,3000,50.031000,199.981000,0,0.525442,0.056109,0.129228,80,6.250000,5.000000
2,dolpap,Dolpap,U2E,internal,inner,20250602_U2E_dolpap_internal.csv,1_2,10,1,7.448929,0.110651,3000,50.031000,199.981000,0,0.305904,0.060899,0.142643,80,6.250000,5.000000
2,dolpap,Dolpap,U2E,internal,inner,20250602_U2E_dolpap_internal.csv,1_3,10,1,8.287211,0.306050,3000,50.031000,199.981000,0,0.266350,0.081042,0.233316,80,6.250000,5.000000
2,dolpap,Dolpap,U2E,internal,inner,20250602_U2E_dolpap_internal.csv,1_4,10,1,7.521741,0.224408,3000,50.031000,199.981000,0,0.533588,0.055772,0.128917,80,6.250000,5.000000
2,dolpap,Dolpap,U2E,internal,inner,20250602_U2E_dolpap_internal.csv,1_5,10,1,7.754651,0.202798,3000,50.031000,199.981000,0,0.285498,0.044769,0.101374,80,6.250000,5.000000
2,dolpap,Dolpap,U2E,internal,inner,20250602_U2E_dolpap_internal.csv,1_6,10,1,9.069029,0.264701,3000,50.031000,199.981100,0,0.401007,0.112563,0.239758,80,6.250000,5.000000
2,dolpap,Dolpap,U2E,internal,inner,20250602_U2E_dolpap_internal.csv,1_7,10,1,8.418088,0.204376,3000,50.031000,199.981100,0,0.318188,0.078968,0.205977,80,6.250000,5.000000
2,dolpap,Dolpap,U2E,internal,inner,20250602_U2E_dolpap_internal.csv,1_8,10,1,7.090086,0.161899,3000,50.031000,199.981000,0,0.519287,0.063722,0.160033,80,6.250000,5.000000
2,dolpap,Dolpap,U2E,internal,inner,20250602_U2E_dolpap_internal.csv,1_9,10,1,6.968781,0.133239,3000,50.031000,199.981000,0,0.254601,0.046517,0.115013,80,6.250000,5.000000
2,dolpap,Dolpap,U2E,internal,inner,20250602_U2E_dolpap_internal.csv,1_10,10,1,7.759783,0.347921,3000,50.031000,199.981000,0,1.030814,0.059028,0.149217,80,6.250000,5.000000
3,dolpap,Dolpap,T1E,external,outer,20250430_T1E_dolpap_external.csv,1_1,10,1,4.948653,0.168299,3000,50.031250,199.981300,0,0.599034,0.096372,0.273751,80,7.500000,6.000000
3,dolpap,Dolpap,T1E,external,outer,20250430_T1E_dolpap_external.csv,1_2,10,1,5.365400,0.587308,3000,50.031250,199.981300,1,2.886556,0.058486,0.121256,80,7.500000,6.000000
3,dolpap,Dolpap,T1E,external,outer,20250430_T1E_dolpap_external.csv,1_3,10,1,5.667264,0.391107,3000,50.031250,199.981300,0,0.721525,0.049267,0.134647,80,7.500000,6.000000
3,dolpap,Dolpap,T1E,external,outer,20250430_T1E_dolpap_external.csv,1_4,10,1,5.281278,0.299698,3000,50.031250,199.981300,0,1.149236,0.083036,0.219291,80,7.500000,6.000000
3,dolpap,Dolpap,T1E,external,outer,20250430_T1E_dolpap_external.csv,1_5,10,1,5.306060,0.099226,3000,50.031250,199.981400,0,0.232133,0.050800,0.135081,80,7.500000,6.000000
3,dolpap,Dolpap,T1E,external,outer,20250430_T1E_dolpap_external.csv,1_6,10,1,5.913768,0.263807,3000,50.031250,199.981300,0,0.458680,0.059075,0.153955,80,7.500000,6.000000
3,dolpap,Dolpap,T1E,external,outer,20250430_T1E_dolpap_external.csv,1_7,10,1,5.119115,0.177218,3000,50.031250,199.981300,0,0.721492,0.057845,0.144489,80,7.500000,6.000000
3,dolpap,Dolpap,T1E,external,outer,20250430_T1E_dolpap_external.csv,1_8,10,1,5.375593,0.218371,3000,50.031250,199.981400,0,0.520193,0.076218,0.163888,80,7.500000,6.000000
3,dolpap,Dolpap,T1E,external,outer,20250430_T1E_dolpap_external.csv,1_9,10,1,5.395159,1.660758,1978,50.031250,148.842400,1,9.331162,0.060367,0.139833,80,7.500000,6.000000
3,dolpap,Dolpap,T1E,external,outer,20250430_T1E_dolpap_external.csv,1_10,10,1,5.357288,0.572253,3000,50.031250,199.981300,1,3.391403,0.060950,0.177899,80,7.500000,6.000000
3,dolpap,Dolpap,T1E,internal,inner,20250505_T1E_dolpap_internal.csv,1_1,10,1,6.228631,0.842681,2363,50.031250,168.054100,5,4.406477,0.051337,0.128187,80,5.000000,4.000000
3,dolpap,Dolpap,T1E,internal,inner,20250505_T1E_dolpap_internal.csv,1_2,10,1,5.782248,0.272136,3000,50.031250,199.981300,0,0.402236,0.061873,0.134503,80,5.000000,4.000000
3,dolpap,Dolpap,T1E,internal,inner,20250505_T1E_dolpap_internal.csv,1_3,10,1,5.629757,0.933090,2036,50.031250,151.739800,1,4.920598,0.065379,0.167945,80,5.000000,4.000000
3,dolpap,Dolpap,T1E,internal,inner,20250505_T1E_dolpap_internal.csv,1_4,10,1,7.002705,0.460371,3000,50.031250,199.981300,0,0.570287,0.064467,0.150852,80,5.000000,4.000000
3,dolpap,Dolpap,T1E,internal,inner,20250505_T1E_dolpap_internal.csv,1_5,10,1,4.488181,2.517464,2019,50.031380,150.867400,1,6.026907,0.081608,0.296598,80,5.000000,4.000000
3,dolpap,Dolpap,T1E,internal,inner,20250505_T1E_dolpap_internal.csv,1_6,10,1,6.817350,1.089116,3000,50.031250,199.981300,4,3.001832,0.060031,0.157346,80,5.000000,4.000000
3,dolpap,Dolpap,T1E,internal,inner,20250505_T1E_dolpap_internal.csv,1_7,10,1,5.523658,0.365698,3000,50.031250,199.981300,0,0.246070,0.058390,0.124688,80,5.000000,4.000000
3,dolpap,Dolpap,T1E,internal,inner,20250505_T1E_dolpap_internal.csv,1_8,10,1,5.738436,0.150138,3000,50.031250,199.981300,0,0.331562,0.064469,0.186854,80,5.000000,4.000000
3,dolpap,Dolpap,T1E,internal,inner,20250505_T1E_dolpap_internal.csv,1_9,10,1,6.700520,0.678109,3000,50.031250,199.981300,2,1.872686,0.070132,0.162664,80,5.000000,4.000000
3,dolpap,Dolpap,T1E,internal,inner,20250505_T1E_dolpap_internal.csv,1_10,10,1,6.208895,0.757111,3000,50.031250,199.981300,3,1.781751,0.052942,0.148349,80,5.000000,4.000000
4,dolpap,Dolpap,T2E,external,outer,20250509_T2E_dolpap_external.csv,1_1,10,1,7.261390,0.337224,3000,50.031250,199.981300,0,0.336634,0.079005,0.260011,80,10.000000,8.000000
4,dolpap,Dolpap,T2E,external,outer,20250509_T2E_dolpap_external.csv,1_2,10,1,6.515672,0.165804,3000,50.031250,199.981300,0,0.277646,0.080255,0.171255,80,10.000000,8.000000
4,dolpap,Dolpap,T2E,external,outer,20250509_T2E_dolpap_external.csv,1_3,10,1,7.082964,0.640897,3000,50.031250,199.981300,4,4.527788,0.082864,0.236459,80,10.000000,8.000000
4,dolpap,Dolpap,T2E,external,outer,20250509_T2E_dolpap_external.csv,1_4,10,1,6.732952,0.304931,3000,50.031250,199.981300,0,0.509009,0.047114,0.097841,80,10.000000,8.000000
4,dolpap,Dolpap,T2E,external,outer,20250509_T2E_dolpap_external.csv,1_5,10,1,7.391400,0.317984,3000,50.031250,199.981300,1,1.423606,0.116478,0.400876,80,10.000000,8.000000
4,dolpap,Dolpap,T2E,external,outer,20250509_T2E_dolpap_external.csv,1_6,10,1,7.342798,3.006316,3000,50.031130,199.981300,1,31.243768,0.062351,0.163663,80,10.000000,8.000000
4,dolpap,Dolpap,T2E,external,outer,20250509_T2E_dolpap_external.csv,1_7,10,1,6.754862,0.379517,3000,50.031250,199.981300,1,1.422852,0.038790,0.100401,80,10.000000,8.000000
4,dolpap,Dolpap,T2E,external,outer,20250509_T2E_dolpap_external.csv,1_8,10,1,6.660962,1.312212,3000,50.031250,199.981300,1,9.928212,0.051367,0.120898,80,10.000000,8.000000
4,dolpap,Dolpap,T2E,external,outer,20250509_T2E_dolpap_external.csv,1_9,10,1,7.408873,0.273245,3000,50.031250,199.981300,0,0.805106,0.053615,0.140789,80,10.000000,8.000000
4,dolpap,Dolpap,T2E,external,outer,20250509_T2E_dolpap_external.csv,1_10,10,1,6.820047,0.154024,3000,50.031250,199.981400,0,0.341508,0.044716,0.109566,80,10.000000,8.000000
4,dolpap,Dolpap,T2E,internal,inner,20250507_T2E_dolpap_internal.csv,1_1,10,1,6.339755,0.173712,3000,50.031250,199.981300,0,0.401180,0.062167,0.137936,80,22.500000,18.000000
4,dolpap,Dolpap,T2E,internal,inner,20250507_T2E_dolpap_internal.csv,1_2,10,1,7.093219,0.774946,3000,50.031250,199.981400,1,2.258119,0.091313,0.190754,80,22.500000,18.000000
4,dolpap,Dolpap,T2E,internal,inner,20250507_T2E_dolpap_internal.csv,1_3,10,1,8.280504,4.074899,3000,50.031250,199.981300,6,25.475386,0.080649,0.230707,80,22.500000,18.000000
4,dolpap,Dolpap,T2E,internal,inner,20250507_T2E_dolpap_internal.csv,1_4,10,1,7.255545,1.319793,3000,50.031250,199.981300,7,6.504603,0.068146,0.172518,80,22.500000,18.000000
4,dolpap,Dolpap,T2E,internal,inner,20250507_T2E_dolpap_internal.csv,1_5,10,1,8.061621,1.407042,3000,50.031250,199.981300,12,9.088492,0.071224,0.201334,80,22.500000,18.000000
4,dolpap,Dolpap,T2E,internal,inner,20250507_T2E_dolpap_internal.csv,1_6,10,1,6.131315,0.222540,3000,50.031250,199.981300,0,0.881000,0.053635,0.134728,80,22.500000,18.000000
4,dolpap,Dolpap,T2E,internal,inner,20250507_T2E_dolpap_internal.csv,1_7,10,1,7.006382,0.204399,3000,50.031130,199.981300,0,0.431595,0.053996,0.126683,80,22.500000,18.000000
4,dolpap,Dolpap,T2E,internal,inner,20250507_T2E_dolpap_internal.csv,1_8,10,1,7.311842,1.156959,3000,50.031130,199.981300,11,3.250758,0.059567,0.170505,80,22.500000,18.000000
4,dolpap,Dolpap,T2E,internal,inner,20250507_T2E_dolpap_internal.csv,1_9,10,1,6.614438,0.208427,3000,50.031250,199.981300,0,0.390305,0.060679,0.137361,80,22.500000,18.000000
4,dolpap,Dolpap,T2E,internal,inner,20250507_T2E_dolpap_internal.csv,1_10,10,1,6.333952,0.173071,3000,50.031250,199.981400,0,1.060629,0.085937,0.205739,80,22.500000,18.000000
5,dolpap,Dolpap,C1EN,external,outer,20250516_C1EN_dolpap_external.csv,1_1,10,1,7.768497,1.005882,3000,50.031380,199.981100,1,8.595935,0.042823,0.125840,80,6.875000,5.500000
5,dolpap,Dolpap,C1EN,external,outer,20250516_C1EN_dolpap_external.csv,1_2,10,1,8.144081,0.750277,3000,50.031380,199.981300,4,1.776259,0.055404,0.130436,80,6.875000,5.500000
5,dolpap,Dolpap,C1EN,external,outer,20250516_C1EN_dolpap_external.csv,1_3,10,1,7.444368,0.870647,3000,50.031380,199.981300,0,1.363185,0.069180,0.182789,80,6.875000,5.500000
5,dolpap,Dolpap,C1EN,external,outer,20250516_C1EN_dolpap_external.csv,1_4,10,1,7.126324,0.970054,3000,50.031250,199.981300,0,0.711182,0.222931,0.497475,80,6.875000,5.500000
5,dolpap,Dolpap,C1EN,external,outer,20250516_C1EN_dolpap_external.csv,1_5,10,1,7.242972,0.567383,3000,50.031250,199.981100,0,0.699954,0.160038,0.643620,80,6.875000,5.500000
5,dolpap,Dolpap,C1EN,external,outer,20250516_C1EN_dolpap_external.csv,1_6,10,1,7.601419,1.568451,3000,50.031250,199.981100,4,2.329121,0.040719,0.106755,80,6.875000,5.500000
5,dolpap,Dolpap,C1EN,external,outer,20250516_C1EN_dolpap_external.csv,1_7,10,1,8.180571,0.379261,3000,50.031380,199.981300,0,0.655940,0.074330,0.216741,80,6.875000,5.500000
5,dolpap,Dolpap,C1EN,external,outer,20250516_C1EN_dolpap_external.csv,1_8,10,1,7.416509,1.078357,3000,50.031250,199.981300,0,0.858732,0.074096,0.144518,80,6.875000,5.500000
5,dolpap,Dolpap,C1EN,external,outer,20250516_C1EN_dolpap_external.csv,1_9,10,1,6.635241,1.026519,3000,50.031250,199.981300,0,0.537626,0.066217,0.130778,80,6.875000,5.500000
5,dolpap,Dolpap,C1EN,external,outer,20250516_C1EN_dolpap_external.csv,1_10,10,1,7.210689,1.253672,3000,50.031380,199.981300,1,1.733751,0.064421,0.152194,80,6.875000,5.500000
5,dolpap,Dolpap,C1EN,internal,inner,20250519_C1EN_dolpap_internal.csv,1_1,10,1,6.004610,1.916381,3000,50.031250,199.981300,4,3.845334,0.070746,0.194827,80,6.875000,5.500000
5,dolpap,Dolpap,C1EN,internal,inner,20250519_C1EN_dolpap_internal.csv,1_2,10,1,6.499862,1.288966,3000,50.031250,199.981100,8,2.477231,0.123231,0.266752,80,6.875000,5.500000
5,dolpap,Dolpap,C1EN,internal,inner,20250519_C1EN_dolpap_internal.csv,1_3,10,1,4.444490,0.946766,3000,50.031380,199.981300,2,1.607953,0.049742,0.111730,80,6.875000,5.500000
5,dolpap,Dolpap,C1EN,internal,inner,20250519_C1EN_dolpap_internal.csv,1_4,10,1,5.992151,0.163698,3000,50.031380,199.981300,0,0.329800,0.060143,0.178859,80,6.875000,5.500000
5,dolpap,Dolpap,C1EN,internal,inner,20250519_C1EN_dolpap_internal.csv,1_5,10,1,5.973950,0.616511,3000,50.031250,199.981400,0,0.604839,0.070678,0.192132,80,6.875000,5.500000
5,dolpap,Dolpap,C1EN,internal,inner,20250519_C1EN_dolpap_internal.csv,1_6,10,1,6.810266,1.035534,3000,50.031250,199.981400,1,1.531762,0.053026,0.119768,80,6.875000,5.500000
5,dolpap,Dolpap,C1EN,internal,inner,20250519_C1EN_dolpap_internal.csv,1_7,10,1,9.224045,1.951694,3000,50.031380,199.981300,12,4.137594,0.073742,0.165651,80,6.875000,5.500000
5,dolpap,Dolpap,C1EN,internal,inner,20250519_C1EN_dolpap_internal.csv,1_8,10,1,5.924272,0.236420,3000,50.031250,199.981400,0,0.495855,0.082753,0.208720,80,6.875000,5.500000
5,dolpap,Dolpap,C1EN,internal,inner,20250519_C1EN_dolpap_internal.csv,1_9,10,1,6.859135,0.717266,2762,50.031250,188.043100,4,3.844530,0.063252,0.158678,80,6.875000,5.500000
5,dolpap,Dolpap,C1EN,internal,inner,20250519_C1EN_dolpap_internal.csv,1_10,10,1,7.770721,1.964424,3000,50.031250,199.981300,0,1.490896,0.064306,0.182065,80,6.875000,5.500000
6,dolpap,Dolpap,T1EN,external,outer,20250516_T1EN_dolpap_external.csv,1_1,10,1,6.932053,0.225865,3000,50.031380,199.981300,0,0.499177,0.081285,0.186319,80,22.500000,18.000000
6,dolpap,Dolpap,T1EN,external,outer,20250516_T1EN_dolpap_external.csv,1_2,10,1,9.563350,1.440566,3000,50.031380,199.981300,2,1.634672,0.205538,0.476320,80,22.500000,18.000000
6,dolpap,Dolpap,T1EN,external,outer,20250516_T1EN_dolpap_external.csv,1_3,10,1,8.125778,0.255577,3000,50.031380,199.981100,0,0.507125,0.091173,0.222093,80,22.500000,18.000000
6,dolpap,Dolpap,T1EN,external,outer,20250516_T1EN_dolpap_external.csv,1_4,10,1,9.644991,0.940598,3000,50.031380,199.981300,1,1.445931,0.079644,0.218314,80,22.500000,18.000000
6,dolpap,Dolpap,T1EN,external,outer,20250516_T1EN_dolpap_external.csv,1_5,10,1,8.712017,0.393989,3000,50.031250,199.981300,0,0.774917,0.086558,0.224815,80,22.500000,18.000000
6,dolpap,Dolpap,T1EN,external,outer,20250516_T1EN_dolpap_external.csv,1_6,10,1,8.588695,1.405608,3000,50.031380,199.981100,5,2.259158,0.078155,0.185206,80,22.500000,18.000000
6,dolpap,Dolpap,T1EN,external,outer,20250516_T1EN_dolpap_external.csv,1_7,10,1,7.174404,0.411264,3000,50.031380,199.981300,0,0.811953,0.071391,0.173486,80,22.500000,18.000000
6,dolpap,Dolpap,T1EN,external,outer,20250516_T1EN_dolpap_external.csv,1_8,10,1,8.566784,0.233968,3000,50.031380,199.981300,0,0.652347,0.065059,0.158472,80,22.500000,18.000000
6,dolpap,Dolpap,T1EN,external,outer,20250516_T1EN_dolpap_external.csv,1_9,10,1,8.171332,0.619110,3000,50.031380,199.981400,0,1.266079,0.079812,0.248837,80,22.500000,18.000000
6,dolpap,Dolpap,T1EN,external,outer,20250516_T1EN_dolpap_external.csv,1_10,10,1,8.067861,1.110598,3000,50.031380,199.981100,0,1.237531,0.073427,0.168559,80,22.500000,18.000000
6,dolpap,Dolpap,T1EN,internal,inner,20250516_T1EN_dolpap_internal.csv,1_1,10,1,8.674831,0.453820,3000,50.031250,199.981300,0,0.473362,0.077308,0.197523,80,16.250000,13.000000
6,dolpap,Dolpap,T1EN,internal,inner,20250516_T1EN_dolpap_internal.csv,1_2,10,1,6.539773,0.415199,3000,50.031250,199.981300,1,3.967642,0.112797,0.315962,80,16.250000,13.000000
6,dolpap,Dolpap,T1EN,internal,inner,20250516_T1EN_dolpap_internal.csv,1_3,10,1,6.823301,0.297872,3000,50.031380,199.981300,0,0.582018,0.087525,0.254879,80,16.250000,13.000000
6,dolpap,Dolpap,T1EN,internal,inner,20250516_T1EN_dolpap_internal.csv,1_4,10,1,5.913689,0.262550,3000,50.031250,199.981300,0,0.339961,0.043214,0.127066,80,16.250000,13.000000
6,dolpap,Dolpap,T1EN,internal,inner,20250516_T1EN_dolpap_internal.csv,1_5,10,1,9.684161,1.696270,3000,50.031250,199.981300,7,2.702532,0.053761,0.140021,80,16.250000,13.000000
6,dolpap,Dolpap,T1EN,internal,inner,20250516_T1EN_dolpap_internal.csv,1_6,10,1,8.170634,0.254839,3000,50.031380,199.981300,0,0.736692,0.056627,0.180283,80,16.250000,13.000000
6,dolpap,Dolpap,T1EN,internal,inner,20250516_T1EN_dolpap_internal.csv,1_7,10,1,7.562096,0.257138,3000,50.031250,199.981100,0,0.445807,0.057840,0.131603,80,16.250000,13.000000
6,dolpap,Dolpap,T1EN,internal,inner,20250516_T1EN_dolpap_internal.csv,1_8,10,1,6.425089,0.324311,3000,50.031380,199.981300,0,0.703696,0.064434,0.170674,80,16.250000,13.000000
6,dolpap,Dolpap,T1EN,internal,inner,20250516_T1EN_dolpap_internal.csv,1_9,10,1,6.578057,0.214160,3000,50.031380,199.981300,0,0.553820,0.065703,0.165125,80,16.250000,13.000000
6,dolpap,Dolpap,T1EN,internal,inner,20250516_T1EN_dolpap_internal.csv,1_10,10,1,5.736525,0.180760,3000,50.031380,199.981100,0,0.471487,0.062795,0.157649,80,16.250000,13.000000
7,dolpap,Dolpap,T2EN,external,outer,20250521_T2EN_dolpap_external.csv,1_1,10,1,8.338104,0.563697,3000,50.031000,199.981100,1,1.539652,0.085584,0.180199,80,5.000000,4.000000
7,dolpap,Dolpap,T2EN,external,outer,20250521_T2EN_dolpap_external.csv,1_2,10,1,7.434087,0.515859,3000,50.031130,199.981100,0,0.845198,0.056401,0.120281,80,5.000000,4.000000
7,dolpap,Dolpap,T2EN,external,outer,20250521_T2EN_dolpap_external.csv,1_3,10,1,8.067122,0.476810,3000,50.031130,199.981300,0,1.239765,0.066628,0.178804,80,5.000000,4.000000
7,dolpap,Dolpap,T2EN,external,outer,20250521_T2EN_dolpap_external.csv,1_4,10,1,6.937446,0.299984,3000,50.031000,199.981300,0,0.734948,0.062393,0.135983,80,5.000000,4.000000
7,dolpap,Dolpap,T2EN,external,outer,20250521_T2EN_dolpap_external.csv,1_5,10,1,7.281047,0.182712,3000,50.031130,199.981300,0,0.400865,0.088688,0.333915,80,5.000000,4.000000
7,dolpap,Dolpap,T2EN,external,outer,20250521_T2EN_dolpap_external.csv,1_6,10,1,8.821558,1.293404,3000,50.031130,199.981300,4,2.464978,0.044765,0.113315,80,5.000000,4.000000
7,dolpap,Dolpap,T2EN,external,outer,20250521_T2EN_dolpap_external.csv,1_7,10,1,8.840938,1.412656,3000,50.031000,199.981300,5,2.558386,0.056461,0.146216,80,5.000000,4.000000
7,dolpap,Dolpap,T2EN,external,outer,20250521_T2EN_dolpap_external.csv,1_8,10,1,7.691139,0.455178,3000,50.031000,199.981300,0,0.624543,0.052502,0.121441,80,5.000000,4.000000
7,dolpap,Dolpap,T2EN,external,outer,20250521_T2EN_dolpap_external.csv,1_9,10,1,6.569689,0.264457,3000,50.031130,199.981300,1,2.068782,0.068156,0.155115,80,5.000000,4.000000
7,dolpap,Dolpap,T2EN,external,outer,20250521_T2EN_dolpap_external.csv,1_10,10,1,6.223687,0.256270,3000,50.031000,199.981300,0,0.499128,0.076862,0.140215,80,5.000000,4.000000
7,dolpap,Dolpap,T2EN,internal,inner,20250521_T2EN_dolpap_internal.csv,1_1,9,1,7.441646,0.405231,3000,50.031130,199.981300,0,0.964084,0.057368,0.140454,80,7.500000,6.000000
7,dolpap,Dolpap,T2EN,internal,inner,20250521_T2EN_dolpap_internal.csv,1_2,9,1,7.988969,0.431208,3000,50.031130,199.981300,0,1.134006,0.049916,0.113044,80,7.500000,6.000000
7,dolpap,Dolpap,T2EN,internal,inner,20250521_T2EN_dolpap_internal.csv,1_3,9,1,7.425163,0.446780,3000,50.031130,199.981100,0,0.523242,0.054131,0.118785,80,7.500000,6.000000
7,dolpap,Dolpap,T2EN,internal,inner,20250521_T2EN_dolpap_internal.csv,1_4,9,1,6.841851,0.434918,3000,50.031130,199.981300,0,0.948840,0.064287,0.166158,80,7.500000,6.000000
7,dolpap,Dolpap,T2EN,internal,inner,20250521_T2EN_dolpap_internal.csv,1_5,9,1,6.889733,1.343929,3000,50.031000,199.981300,1,12.509346,0.052120,0.140089,80,7.500000,6.000000
7,dolpap,Dolpap,T2EN,internal,inner,20250521_T2EN_dolpap_internal.csv,1_6,9,1,6.750800,0.404824,3000,50.031130,199.981100,0,0.653268,0.049207,0.109521,80,7.500000,6.000000
7,dolpap,Dolpap,T2EN,internal,inner,20250521_T2EN_dolpap_internal.csv,1_7,9,1,8.101740,1.321898,3000,50.031130,199.981300,9,5.747884,0.055474,0.139550,80,7.500000,6.000000
7,dolpap,Dolpap,T2EN,internal,inner,20250521_T2EN_dolpap_internal.csv,1_8,9,1,7.145455,0.333815,3000,50.031130,199.981300,0,0.474240,0.087515,0.241284,80,7.500000,6.000000
7,dolpap,Dolpap,T2EN,internal,inner,20250521_T2EN_dolpap_internal.csv,1_9,9,1,6.645831,0.343393,3000,50.031130,199.981300,0,0.393644,0.107015,0.317948,80,7.500000,6.000000
8,rossella,Rossella,C1E,external,outer,20250318_C1E_rossella_external.csv,1_1,12,1,13.723020,2.015527,3000,50.031250,199.981300,6,5.903038,0.083071,0.201077,77,13.383152,10.706522
8,rossella,Rossella,C1E,external,outer,20250318_C1E_rossella_external.csv,1_2,12,1,13.772152,1.124893,3000,50.031250,199.981300,3,1.782799,0.102508,0.223029,50,13.383152,10.706522
8,rossella,Rossella,C1E,external,outer,20250318_C1E_rossella_external.csv,1_3,12,1,13.080351,0.820486,3000,50.031250,199.981300,6,4.199525,0.038156,0.089476,23,13.383152,10.706522
8,rossella,Rossella,C1E,external,outer,20250318_C1E_rossella_external.csv,1_4,12,1,12.955196,1.095005,3000,50.031380,199.981300,6,2.930633,0.088916,0.225905,60,13.383152,10.706522
8,rossella,Rossella,C1E,external,outer,20250318_C1E_rossella_external.csv,1_5,12,1,14.809161,1.076220,3000,50.031380,199.981300,2,5.894500,0.343361,0.932549,71,13.383152,10.706522
8,rossella,Rossella,C1E,external,outer,20250318_C1E_rossella_external.csv,1_6,12,1,10.049303,1.430279,3000,50.031380,199.981300,7,2.146984,0.041983,0.087541,18,13.383152,10.706522
8,rossella,Rossella,C1E,external,outer,20250318_C1E_rossella_external.csv,1_7,12,1,10.100073,1.423181,3000,50.031250,199.981300,9,1.892834,0.082450,0.180835,32,13.383152,10.706522
8,rossella,Rossella,C1E,external,outer,20250318_C1E_rossella_external.csv,1_8,12,0,,,0,,,,,0.000000,0.000000,8,13.383152,10.706522
8,rossella,Rossella,C1E,external,outer,20250318_C1E_rossella_external.csv,1_9,12,1,11.875843,1.060759,3000,50.031250,199.981300,2,1.689583,0.027192,0.047783,17,13.383152,10.706522
8,rossella,Rossella,C1E,external,outer,20250318_C1E_rossella_external.csv,1_10,12,0,,,0,,,,,0.075995,0.207647,51,13.383152,10.706522
8,rossella,Rossella,C1E,external,outer,20250318_C1E_rossella_external.csv,1_11,12,1,12.746025,0.778236,3000,50.031250,199.981300,2,1.666898,0.288039,0.603426,80,13.383152,10.706522
8,rossella,Rossella,C1E,external,outer,20250318_C1E_rossella_external.csv,1_12,12,1,11.677695,0.496266,3000,50.031250,199.981300,0,1.348091,0.078297,0.135175,34,13.383152,10.706522
8,rossella,Rossella,C1E,internal,inner,20250318_C1E_rossella_internal.csv,1_1,10,0,,,0,,,,,0.055996,0.133738,25,16.000000,12.800000
8,rossella,Rossella,C1E,internal,inner,20250318_C1E_rossella_internal.csv,1_2,10,1,10.584797,1.231636,3000,50.031380,199.981300,7,5.603365,0.053432,0.139255,61,16.000000,12.800000
8,rossella,Rossella,C1E,internal,inner,20250318_C1E_rossella_internal.csv,1_3,10,0,,,0,,,,,0.039773,0.082381,33,16.000000,12.800000
8,rossella,Rossella,C1E,internal,inner,20250318_C1E_rossella_internal.csv,1_4,10,0,,,0,,,,,0.038772,0.081690,19,16.000000,12.800000
8,rossella,Rossella,C1E,internal,inner,20250318_C1E_rossella_internal.csv,1_5,10,0,,,0,,,,,0.029783,0.054453,15,16.000000,12.800000
8,rossella,Rossella,C1E,internal,inner,20250318_C1E_rossella_internal.csv,1_6,10,1,10.408487,1.056621,3000,50.031380,199.981400,0,1.276963,0.032292,0.056346,14,16.000000,12.800000
8,rossella,Rossella,C1E,internal,inner,20250318_C1E_rossella_internal.csv,1_7,10,1,10.190902,0.944817,3000,50.031250,199.981300,12,2.294324,0.030919,0.088343,37,16.000000,12.800000
8,rossella,Rossella,C1E,internal,inner,20250318_C1E_rossella_internal.csv,1_8,10,0,,,0,,,,,,,,16.000000,12.800000
8,rossella,Rossella,C1E,internal,inner,20250318_C1E_rossella_internal.csv,1_9,10,1,11.446186,0.667493,3000,50.031250,199.981300,8,1.905566,0.062125,0.164284,80,16.000000,12.800000
8,rossella,Rossella,C1E,internal,inner,20250318_C1E_rossella_internal.csv,1_10,10,1,10.107138,0.513762,3000,50.031250,199.981300,1,2.102391,0.027525,0.053487,8,16.000000,12.800000
9,rossella,Rossella,U2E,external,outer,20250602_U2E_rossella_external.csv,1_1,10,1,171.509685,129.830682,3000,50.031000,199.981100,19,215.730666,0.059196,0.134515,80,5.625000,4.500000
9,rossella,Rossella,U2E,external,outer,20250602_U2E_rossella_external.csv,1_2,10,1,174.433432,139.864746,3000,50.031000,199.981000,10,232.808272,0.051320,0.127808,80,5.625000,4.500000
9,rossella,Rossella,U2E,external,outer,20250602_U2E_rossella_external.csv,1_3,10,1,328.267298,128.503878,1658,50.031000,132.843000,9,301.493998,0.058831,0.180580,80,5.625000,4.500000
9,rossella,Rossella,U2E,external,outer,20250602_U2E_rossella_external.csv,1_4,10,1,236.613820,120.147628,3000,50.031000,199.981000,15,248.561085,0.069120,0.145513,80,5.625000,4.500000
9,rossella,Rossella,U2E,external,outer,20250602_U2E_rossella_external.csv,1_5,10,1,203.805504,139.109800,1611,50.031000,130.495900,11,257.837449,0.058680,0.244716,80,5.625000,4.500000
9,rossella,Rossella,U2E,external,outer,20250602_U2E_rossella_external.csv,1_6,10,1,287.406808,151.210698,1796,50.031000,139.743400,14,304.328890,0.052560,0.139714,80,5.625000,4.500000
9,rossella,Rossella,U2E,external,outer,20250602_U2E_rossella_external.csv,1_7,10,1,262.380625,149.797024,1841,50.031000,141.989500,12,222.744026,0.059102,0.160628,80,5.625000,4.500000
9,rossella,Rossella,U2E,external,outer,20250602_U2E_rossella_external.csv,1_8,10,1,263.807760,145.649303,1792,50.031000,139.541400,5,271.248297,0.067537,0.156951,80,5.625000,4.500000
9,rossella,Rossella,U2E,external,outer,20250602_U2E_rossella_external.csv,1_9,10,1,345.209007,263.278303,2237,50.031000,161.777600,9,859.269096,0.051323,0.134024,80,5.625000,4.500000
9,rossella,Rossella,U2E,external,outer,20250602_U2E_rossella_external.csv,1_10,10,1,110.971209,81.072375,3000,50.031000,199.981100,19,222.243750,0.073313,0.174814,80,5.625000,4.500000
9,rossella,Rossella,U2E,internal,inner,20250602_U2E_rossella_internal.csv,1_1,10,1,9.502972,0.119329,3000,50.031000,199.981000,0,0.291446,0.068043,0.168581,80,8.750000,7.000000
9,rossella,Rossella,U2E,internal,inner,20250602_U2E_rossella_internal.csv,1_2,10,1,10.289723,0.203974,3000,50.031000,199.981000,0,0.420330,0.065360,0.147700,80,8.750000,7.000000
9,rossella,Rossella,U2E,internal,inner,20250602_U2E_rossella_internal.csv,1_3,10,1,9.895148,0.165907,3000,50.031000,199.981000,0,0.281124,0.088568,0.231311,80,8.750000,7.000000
9,rossella,Rossella,U2E,internal,inner,20250602_U2E_rossella_internal.csv,1_4,10,1,9.719061,0.198409,3000,50.031000,199.981000,0,0.333703,0.072596,0.175090,80,8.750000,7.000000
9,rossella,Rossella,U2E,internal,inner,20250602_U2E_rossella_internal.csv,1_5,10,1,10.181695,0.205749,3000,50.031000,199.981100,0,0.366974,0.093579,0.268805,80,8.750000,7.000000
9,rossella,Rossella,U2E,internal,inner,20250602_U2E_rossella_internal.csv,1_6,10,1,10.189270,0.174239,3000,50.031000,199.981000,0,0.420844,0.079590,0.186830,80,8.750000,7.000000
9,rossella,Rossella,U2E,internal,inner,20250602_U2E_rossella_internal.csv,1_7,10,1,10.403646,0.322742,3000,50.031000,199.981000,0,0.683852,0.062985,0.177923,80,8.750000,7.000000
9,rossella,Rossella,U2E,internal,inner,20250602_U2E_rossella_internal.csv,1_8,10,1,10.085731,0.336512,3000,50.031000,199.981000,1,1.503064,0.067047,0.202660,80,8.750000,7.000000
9,rossella,Rossella,U2E,internal,inner,20250602_U2E_rossella_internal.csv,1_9,10,1,9.913699,0.155405,3000,50.031000,199.981000,0,0.368026,0.052653,0.201354,80,8.750000,7.000000
9,rossella,Rossella,U2E,internal,inner,20250602_U2E_rossella_internal.csv,1_10,10,1,10.278419,0.232348,3000,50.031000,199.981000,0,0.949954,0.080161,0.207843,80,8.750000,7.000000
10,rossella,Rossella,T1E,external,outer,20250423_T1E_rossella_external.csv,1_1,10,1,8.980201,0.586954,3000,50.031250,199.981100,2,1.711410,0.076270,0.204396,58,7.386364,5.909091
10,rossella,Rossella,T1E,external,outer,20250423_T1E_rossella_external.csv,1_2,10,1,8.349682,0.550462,3000,50.031250,199.981300,0,0.914205,0.081304,0.212965,80,7.386364,5.909091
10,rossella,Rossella,T1E,external,outer,20250423_T1E_rossella_external.csv,1_3,10,1,9.289122,0.424428,3000,50.031250,199.981300,0,0.819211,0.086155,0.185019,55,7.386364,5.909091
10,rossella,Rossella,T1E,external,outer,20250423_T1E_rossella_external.csv,1_4,10,1,9.762405,0.266653,3000,50.031250,199.981100,0,0.391378,0.046782,0.139151,80,7.386364,5.909091
10,rossella,Rossella,T1E,external,outer,20250423_T1E_rossella_external.csv,1_5,10,1,9.234134,0.387662,3000,50.031250,199.981300,0,1.011343,0.058832,0.124078,80,7.386364,5.909091
10,rossella,Rossella,T1E,external,outer,20250423_T1E_rossella_external.csv,1_6,10,1,10.025445,0.436506,3000,50.031250,199.981300,0,0.902164,0.052857,0.110594,80,7.386364,5.909091
10,rossella,Rossella,T1E,external,outer,20250423_T1E_rossella_external.csv,1_7,10,1,9.891191,0.327344,3000,50.031250,199.981300,0,0.942564,0.042002,0.124586,80,7.386364,5.909091
10,rossella,Rossella,T1E,external,outer,20250423_T1E_rossella_external.csv,1_8,10,1,9.049728,0.317418,3000,50.031250,199.981300,0,0.633715,0.052825,0.127058,80,7.386364,5.909091
10,rossella,Rossella,T1E,external,outer,20250423_T1E_rossella_external.csv,1_9,10,1,9.979625,0.631396,3000,50.031250,199.981300,0,1.315440,0.064567,0.157611,80,7.386364,5.909091
10,rossella,Rossella,T1E,external,outer,20250423_T1E_rossella_external.csv,1_10,10,1,9.293614,0.320027,3000,50.031250,199.981300,0,0.816261,0.041709,0.116143,80,7.386364,5.909091
10,rossella,Rossella,T1E,internal,inner,20250417_T1E_rossella_internal.csv,1_1,10,1,9.938864,0.856038,3000,50.031130,199.981300,5,4.527577,0.092929,0.253101,80,19.375000,15.500000
10,rossella,Rossella,T1E,internal,inner,20250417_T1E_rossella_internal.csv,1_2,10,1,9.006768,1.818135,3000,50.031250,199.981300,7,8.588477,0.093150,0.261565,80,19.375000,15.500000
10,rossella,Rossella,T1E,internal,inner,20250417_T1E_rossella_internal.csv,1_3,10,1,9.132066,1.105413,3000,50.031130,199.981300,8,4.487727,0.077267,0.177560,80,19.375000,15.500000
10,rossella,Rossella,T1E,internal,inner,20250417_T1E_rossella_internal.csv,1_4,10,1,8.352852,0.318604,3000,50.031130,199.981300,0,0.948454,0.086267,0.193546,80,19.375000,15.500000
10,rossella,Rossella,T1E,internal,inner,20250417_T1E_rossella_internal.csv,1_5,10,1,9.428410,1.174289,3000,50.031130,199.981300,15,5.725346,0.050622,0.133390,80,19.375000,15.500000
10,rossella,Rossella,T1E,internal,inner,20250417_T1E_rossella_internal.csv,1_6,10,1,9.114386,1.265471,3000,50.031130,199.981300,0,0.823281,0.083284,0.175684,80,19.375000,15.500000
10,rossella,Rossella,T1E,internal,inner,20250417_T1E_rossella_internal.csv,1_7,10,1,7.134005,0.280373,3000,50.031250,199.981300,0,0.740762,0.061608,0.172866,80,19.375000,15.500000
10,rossella,Rossella,T1E,internal,inner,20250417_T1E_rossella_internal.csv,1_8,10,1,9.432715,2.605044,3000,50.031250,199.981300,13,13.651894,0.064444,0.151640,80,19.375000,15.500000
10,rossella,Rossella,T1E,internal,inner,20250417_T1E_rossella_internal.csv,1_9,10,1,9.832428,1.327211,3000,50.031130,199.981300,6,6.907243,0.158300,0.568216,80,19.375000,15.500000
10,rossella,Rossella,T1E,internal,inner,20250417_T1E_rossella_internal.csv,1_10,10,1,8.397409,0.521290,3000,50.031250,199.981300,2,1.466050,0.064702,0.136666,80,19.375000,15.500000
11,rossella,Rossella,T2E,external,outer,20250416_T2E_rossella_external.csv,1_1,10,1,9.810854,0.475417,3000,50.031000,199.981100,0,1.149229,0.071986,0.148794,50,6.875000,5.500000
11,rossella,Rossella,T2E,external,outer,20250416_T2E_rossella_external.csv,1_2,10,1,10.384071,0.348389,3000,50.031380,199.981300,0,0.910698,0.058301,0.165235,80,6.875000,5.500000
11,rossella,Rossella,T2E,external,outer,20250416_T2E_rossella_external.csv,1_3,10,1,11.994649,0.517540,3000,50.031250,199.981300,0,0.900614,0.057878,0.148253,80,6.875000,5.500000
11,rossella,Rossella,T2E,external,outer,20250416_T2E_rossella_external.csv,1_4,10,1,10.008847,0.652044,3000,50.031130,199.981100,1,1.822962,0.041531,0.103007,80,6.875000,5.500000
11,rossella,Rossella,T2E,external,outer,20250416_T2E_rossella_external.csv,1_5,10,1,10.386454,0.502167,3000,50.031250,199.981300,0,0.985390,0.079980,0.195785,80,6.875000,5.500000
11,rossella,Rossella,T2E,external,outer,20250416_T2E_rossella_external.csv,1_6,10,1,10.183339,0.614579,3000,50.031130,199.981300,0,0.843640,0.049635,0.108698,80,6.875000,5.500000
11,rossella,Rossella,T2E,external,outer,20250416_T2E_rossella_external.csv,1_7,10,1,11.489825,0.820633,3000,50.031130,199.981300,0,0.929514,0.067806,0.204732,80,6.875000,5.500000
11,rossella,Rossella,T2E,external,outer,20250416_T2E_rossella_external.csv,1_8,10,1,10.240736,0.361095,3000,50.031130,199.981300,0,0.844587,0.082179,0.208981,80,6.875000,5.500000
11,rossella,Rossella,T2E,external,outer,20250416_T2E_rossella_external.csv,1_9,10,1,11.112396,1.053800,3000,50.031130,199.981100,3,8.081130,0.219867,0.651100,80,6.875000,5.500000
11,rossella,Rossella,T2E,external,outer,20250416_T2E_rossella_external.csv,1_10,10,1,9.294607,0.323229,3000,50.031130,199.981300,0,0.420621,0.056684,0.157850,80,6.875000,5.500000
11,rossella,Rossella,T2E,internal,inner,20250414_T2E_rossella_internal.csv,1_1,10,1,13.220631,1.753212,3000,50.031500,199.981300,0,1.395730,0.062347,0.163617,80,7.500000,6.000000
11,rossella,Rossella,T2E,internal,inner,20250414_T2E_rossella_internal.csv,1_2,10,1,9.718099,2.842878,3000,50.031380,199.981300,8,26.499800,0.066983,0.181378,80,7.500000,6.000000
11,rossella,Rossella,T2E,internal,inner,20250414_T2E_rossella_internal.csv,1_3,10,1,9.352869,0.231581,3000,50.031130,199.981300,0,1.120670,0.065062,0.172528,80,7.500000,6.000000
11,rossella,Rossella,T2E,internal,inner,20250414_T2E_rossella_internal.csv,1_4,10,1,11.719671,0.389621,3000,50.031250,199.981300,0,0.887979,0.070002,0.183670,80,7.500000,6.000000
11,rossella,Rossella,T2E,internal,inner,20250414_T2E_rossella_internal.csv,1_5,10,1,10.717853,0.545267,3000,50.031250,199.981300,0,0.942809,0.055454,0.146155,80,7.500000,6.000000
11,rossella,Rossella,T2E,internal,inner,20250414_T2E_rossella_internal.csv,1_6,10,1,8.429103,0.234154,3000,50.031250,199.981300,0,0.531225,0.081473,0.227598,80,7.500000,6.000000
11,rossella,Rossella,T2E,internal,inner,20250414_T2E_rossella_internal.csv,1_7,10,1,10.416084,4.113274,3000,50.031250,199.981300,7,39.731300,0.093794,0.349379,80,7.500000,6.000000
11,rossella,Rossella,T2E,internal,inner,20250414_T2E_rossella_internal.csv,1_8,10,1,9.747064,0.377385,3000,50.031250,199.981300,0,1.072146,0.129938,0.372298,58,7.500000,6.000000
11,rossella,Rossella,T2E,internal,inner,20250414_T2E_rossella_internal.csv,1_9,10,1,12.301120,1.127199,3000,50.031250,199.981300,8,6.024516,0.061697,0.160179,80,7.500000,6.000000
11,rossella,Rossella,T2E,internal,inner,20250414_T2E_rossella_internal.csv,1_10,10,1,12.167430,4.009519,3000,50.031250,199.981100,7,36.561251,0.061990,0.141542,80,7.500000,6.000000
12,rossella,Rossella,C1EN,external,outer,20250521_C1EN_rossella_external.csv,1_1,10,1,10.850780,0.658862,3000,50.031130,199.981300,2,1.771697,0.055925,0.169353,80,6.875000,5.500000
12,rossella,Rossella,C1EN,external,outer,20250521_C1EN_rossella_external.csv,1_2,10,1,9.366274,0.340704,3000,50.031000,199.981100,0,1.272072,0.063541,0.159363,80,6.875000,5.500000
12,rossella,Rossella,C1EN,external,outer,20250521_C1EN_rossella_external.csv,1_3,10,1,13.700858,0.749353,3000,50.031130,199.981300,0,1.367610,0.060214,0.160409,80,6.875000,5.500000
12,rossella,Rossella,C1EN,external,outer,20250521_C1EN_rossella_external.csv,1_4,10,1,11.109854,3.664811,3000,50.031130,199.981300,3,40.227270,0.055416,0.159092,80,6.875000,5.500000
12,rossella,Rossella,C1EN,external,outer,20250521_C1EN_rossella_external.csv,1_5,10,1,11.601751,0.578847,3000,50.031130,199.981300,0,1.059171,0.074127,0.156151,80,6.875000,5.500000
12,rossella,Rossella,C1EN,external,outer,20250521_C1EN_rossella_external.csv,1_6,10,1,14.097903,1.591543,3000,50.031000,199.981300,0,1.326840,0.054044,0.120562,80,6.875000,5.500000
12,rossella,Rossella,C1EN,external,outer,20250521_C1EN_rossella_external.csv,1_7,10,1,11.198681,0.289034,3000,50.031000,199.981300,0,0.560179,0.035414,0.103996,80,6.875000,5.500000
12,rossella,Rossella,C1EN,external,outer,20250521_C1EN_rossella_external.csv,1_8,10,1,13.117464,0.689924,3000,50.031130,199.981300,0,1.001373,0.055819,0.133571,80,6.875000,5.500000
12,rossella,Rossella,C1EN,external,outer,20250521_C1EN_rossella_external.csv,1_9,10,1,9.864550,0.988230,3000,50.031130,199.981300,0,0.449257,0.042927,0.108151,80,6.875000,5.500000
12,rossella,Rossella,C1EN,external,outer,20250521_C1EN_rossella_external.csv,1_10,10,1,12.147971,0.634771,3000,50.031130,199.981300,1,2.590978,0.059474,0.139507,80,6.875000,5.500000
12,rossella,Rossella,C1EN,internal,inner,20250521_C1EN_rossella_internal.csv,1_1,10,1,17.137898,0.624378,3000,50.031000,199.981100,0,0.968958,0.053665,0.142387,80,8.750000,7.000000
12,rossella,Rossella,C1EN,internal,inner,20250521_C1EN_rossella_internal.csv,1_2,10,1,10.573087,0.357969,3000,50.031130,199.981300,0,0.508381,0.063700,0.169587,80,8.750000,7.000000
12,rossella,Rossella,C1EN,internal,inner,20250521_C1EN_rossella_internal.csv,1_3,10,1,18.160158,0.693896,3000,50.031130,199.981300,4,1.875585,0.215813,0.478525,80,8.750000,7.000000
12,rossella,Rossella,C1EN,internal,inner,20250521_C1EN_rossella_internal.csv,1_4,10,1,14.241152,5.021808,3000,50.031000,199.981300,3,39.024626,0.056139,0.165110,80,8.750000,7.000000
12,rossella,Rossella,C1EN,internal,inner,20250521_C1EN_rossella_internal.csv,1_5,10,1,13.342442,0.901773,3000,50.031000,199.981300,0,0.947766,0.073375,0.196467,80,8.750000,7.000000
12,rossella,Rossella,C1EN,internal,inner,20250521_C1EN_rossella_internal.csv,1_6,10,1,17.562035,1.818620,3000,50.031000,199.981300,5,3.893592,0.074645,0.175768,80,8.750000,7.000000
12,rossella,Rossella,C1EN,internal,inner,20250521_C1EN_rossella_internal.csv,1_7,10,1,12.952632,1.995848,3000,50.031000,199.981300,1,1.977217,0.056485,0.187094,80,8.750000,7.000000
12,rossella,Rossella,C1EN,internal,inner,20250521_C1EN_rossella_internal.csv,1_8,10,1,12.605229,0.835889,3000,50.031130,199.981300,3,2.011179,0.040847,0.096435,80,8.750000,7.000000
12,rossella,Rossella,C1EN,internal,inner,20250521_C1EN_rossella_internal.csv,1_9,10,1,20.842189,11.173037,3000,50.031000,199.981300,7,46.643430,0.061215,0.133608,80,8.750000,7.000000
12,rossella,Rossella,C1EN,internal,inner,20250521_C1EN_rossella_internal.csv,1_10,10,1,12.860113,0.578642,3000,50.031000,199.981300,0,0.691997,0.041309,0.102922,80,8.750000,7.000000
13,rossella,Rossella,T1EN,external,outer,20250512_T1EN_rossella_external.csv,1_1,10,1,22.011649,2.161746,3000,50.031250,199.981300,6,3.693230,0.048147,0.101996,80,8.125000,6.500000
13,rossella,Rossella,T1EN,external,outer,20250512_T1EN_rossella_external.csv,1_2,10,1,26.859461,8.937964,3000,50.031250,199.981300,5,11.142022,0.066264,0.154354,80,8.125000,6.500000
13,rossella,Rossella,T1EN,external,outer,20250512_T1EN_rossella_external.csv,1_3,10,1,19.566429,2.136255,3000,50.031250,199.981300,12,7.421268,0.058115,0.152778,80,8.125000,6.500000
13,rossella,Rossella,T1EN,external,outer,20250512_T1EN_rossella_external.csv,1_4,10,1,41.064232,3.514323,3000,50.031130,199.981300,15,8.278248,0.048989,0.127158,80,8.125000,6.500000
13,rossella,Rossella,T1EN,external,outer,20250512_T1EN_rossella_external.csv,1_5,10,1,31.429797,1.516254,3000,50.031250,199.981300,8,5.567630,0.045690,0.092158,80,8.125000,6.500000
13,rossella,Rossella,T1EN,external,outer,20250512_T1EN_rossella_external.csv,1_6,10,1,36.966926,2.770124,3000,50.031130,199.981300,9,3.450078,0.049853,0.133950,80,8.125000,6.500000
13,rossella,Rossella,T1EN,external,outer,20250512_T1EN_rossella_external.csv,1_7,10,1,16.987135,2.175393,3000,50.031250,199.981300,2,4.484756,0.053278,0.144668,80,8.125000,6.500000
13,rossella,Rossella,T1EN,external,outer,20250512_T1EN_rossella_external.csv,1_8,10,1,13.294042,1.184192,3000,50.031250,199.981300,1,1.478415,0.065225,0.166219,80,8.125000,6.500000
13,rossella,Rossella,T1EN,external,outer,20250512_T1EN_rossella_external.csv,1_9,10,1,32.378773,6.044813,3000,50.031130,199.981300,12,3.168654,0.058722,0.162410,80,8.125000,6.500000
13,rossella,Rossella,T1EN,external,outer,20250512_T1EN_rossella_external.csv,1_10,10,1,18.690901,4.014445,3000,50.031130,199.981300,7,8.048705,0.074653,0.191844,80,8.125000,6.500000
13,rossella,Rossella,T1EN,internal,inner,20250514_T1EN_rossella_internal.csv,1_1,10,1,19.417156,1.313575,3000,50.031380,199.981300,0,1.165202,0.091560,0.201467,80,8.750000,7.000000
13,rossella,Rossella,T1EN,internal,inner,20250514_T1EN_rossella_internal.csv,1_2,10,1,19.108887,1.038780,3000,50.031380,199.981300,1,1.442426,0.058718,0.150121,80,8.750000,7.000000
13,rossella,Rossella,T1EN,internal,inner,20250514_T1EN_rossella_internal.csv,1_3,10,1,12.187263,1.791898,3000,50.031380,199.981300,5,3.974518,0.074266,0.148822,80,8.750000,7.000000
13,rossella,Rossella,T1EN,internal,inner,20250514_T1EN_rossella_internal.csv,1_4,10,1,11.401513,0.850397,3000,50.031500,199.981300,0,0.948388,0.068170,0.150691,80,8.750000,7.000000
13,rossella,Rossella,T1EN,internal,inner,20250514_T1EN_rossella_internal.csv,1_5,10,1,10.968472,0.376273,3000,50.031500,199.981400,0,0.650861,0.064508,0.178870,80,8.750000,7.000000
13,rossella,Rossella,T1EN,internal,inner,20250514_T1EN_rossella_internal.csv,1_6,10,1,19.119095,1.451824,3000,50.031500,199.981300,1,2.761652,0.077225,0.168625,80,8.750000,7.000000
13,rossella,Rossella,T1EN,internal,inner,20250514_T1EN_rossella_internal.csv,1_7,10,1,13.614362,1.061548,3000,50.031380,199.981300,1,1.545729,0.077053,0.199516,80,8.750000,7.000000
13,rossella,Rossella,T1EN,internal,inner,20250514_T1EN_rossella_internal.csv,1_8,10,1,21.935785,1.021048,3000,50.031380,199.981300,10,2.179602,0.090428,0.216862,80,8.750000,7.000000
13,rossella,Rossella,T1EN,internal,inner,20250514_T1EN_rossella_internal.csv,1_9,10,1,12.727003,0.496719,3000,50.031380,199.981300,0,0.769293,0.063667,0.133377,80,8.750000,7.000000
13,rossella,Rossella,T1EN,internal,inner,20250514_T1EN_rossella_internal.csv,1_10,10,1,24.016970,0.834562,3000,50.031380,199.981300,2,1.724053,0.065290,0.165767,80,8.750000,7.000000
14,rossella,Rossella,T2EN,external,outer,20250523_T2EN_rossella_external.csv,1_1,10,1,10.813470,0.317214,3000,50.031130,199.981300,0,0.461796,0.072902,0.182428,80,6.250000,5.000000
14,rossella,Rossella,T2EN,external,outer,20250523_T2EN_rossella_external.csv,1_2,10,1,11.486139,0.337472,3000,50.031130,199.981300,0,0.934260,0.073122,0.167027,80,6.250000,5.000000
14,rossella,Rossella,T2EN,external,outer,20250523_T2EN_rossella_external.csv,1_3,10,1,10.736315,0.612123,3000,50.031000,199.981300,0,1.060028,0.067740,0.199394,80,6.250000,5.000000
14,rossella,Rossella,T2EN,external,outer,20250523_T2EN_rossella_external.csv,1_4,10,1,12.351429,0.459981,3000,50.031000,199.981300,0,0.956223,0.053196,0.110090,80,6.250000,5.000000
14,rossella,Rossella,T2EN,external,outer,20250523_T2EN_rossella_external.csv,1_5,10,1,11.450734,0.679842,3000,50.031130,199.981300,0,0.892833,0.073879,0.195634,80,6.250000,5.000000
14,rossella,Rossella,T2EN,external,outer,20250523_T2EN_rossella_external.csv,1_6,10,1,12.739411,0.631998,3000,50.031130,199.981300,0,1.360027,0.054082,0.131845,80,6.250000,5.000000
14,rossella,Rossella,T2EN,external,outer,20250523_T2EN_rossella_external.csv,1_7,10,1,12.155706,0.228931,3000,50.031250,199.981100,0,0.523048,0.075233,0.170204,80,6.250000,5.000000
14,rossella,Rossella,T2EN,external,outer,20250523_T2EN_rossella_external.csv,1_8,10,1,11.822923,0.861913,3000,50.031000,199.981400,1,1.574387,0.067484,0.176871,80,6.250000,5.000000
14,rossella,Rossella,T2EN,external,outer,20250523_T2EN_rossella_external.csv,1_9,10,1,11.693801,0.367310,3000,50.031130,199.981300,0,0.527953,0.047600,0.126110,80,6.250000,5.000000
14,rossella,Rossella,T2EN,external,outer,20250523_T2EN_rossella_external.csv,1_10,10,1,11.192515,0.685694,3000,50.031000,199.981300,0,0.966852,0.048421,0.158915,80,6.250000,5.000000
14,rossella,Rossella,T2EN,internal,inner,20250523_T2EN_rossella_internal.csv,1_1,10,1,11.688801,0.480434,3000,50.031130,199.981300,0,0.334636,0.057358,0.143061,80,7.500000,6.000000
14,rossella,Rossella,T2EN,internal,inner,20250523_T2EN_rossella_internal.csv,1_2,10,1,18.060845,9.827901,3000,50.031130,199.981300,13,50.002871,0.077745,0.179344,80,7.500000,6.000000
14,rossella,Rossella,T2EN,internal,inner,20250523_T2EN_rossella_internal.csv,1_3,10,1,11.265120,0.585391,3000,50.031130,199.981300,0,1.045070,0.065632,0.176410,80,7.500000,6.000000
14,rossella,Rossella,T2EN,internal,inner,20250523_T2EN_rossella_internal.csv,1_4,10,1,12.056957,0.820761,3000,50.031130,199.981300,2,1.484811,0.084751,0.230871,80,7.500000,6.000000
14,rossella,Rossella,T2EN,internal,inner,20250523_T2EN_rossella_internal.csv,1_5,10,1,12.315328,0.532587,3000,50.031130,199.981300,0,0.922705,0.069882,0.178227,80,7.500000,6.000000
14,rossella,Rossella,T2EN,internal,inner,20250523_T2EN_rossella_internal.csv,1_6,10,1,12.043336,2.573059,3000,50.031130,199.981300,2,21.892072,0.073050,0.206161,80,7.500000,6.000000
14,rossella,Rossella,T2EN,internal,inner,20250523_T2EN_rossella_internal.csv,1_7,10,1,11.516025,0.900384,3000,50.031130,199.981300,1,3.071440,0.075618,0.192238,80,7.500000,6.000000
14,rossella,Rossella,T2EN,internal,inner,20250523_T2EN_rossella_internal.csv,1_8,10,1,11.258637,0.499955,3000,50.031130,199.981300,1,1.585245,0.059719,0.129291,80,7.500000,6.000000
14,rossella,Rossella,T2EN,internal,inner,20250523_T2EN_rossella_internal.csv,1_9,10,1,14.114620,2.967550,3000,50.031130,199.981300,5,22.003307,0.081568,0.195382,80,7.500000,6.000000
14,rossella,Rossella,T2EN,internal,inner,20250523_T2EN_rossella_internal.csv,1_10,10,1,14.372115,0.393656,3000,50.031130,199.981300,0,1.193218,0.054685,0.116506,80,7.500000,6.000000
15,crosil42,Crosil 42,C1E,external,outer,20250331_C1E_crosil42_external.csv,1_1,12,1,6.187826,0.356970,3000,50.031250,199.981100,0,1.157207,0.059668,0.135149,80,8.750000,7.000000
15,crosil42,Crosil 42,C1E,external,outer,20250331_C1E_crosil42_external.csv,1_2,12,1,6.147407,1.086551,3000,50.031250,199.981100,2,8.622078,0.058978,0.145371,80,8.750000,7.000000
15,crosil42,Crosil 42,C1E,external,outer,20250331_C1E_crosil42_external.csv,1_3,12,1,6.975437,0.320746,3000,50.031130,199.981300,1,1.465378,0.061996,0.132313,80,8.750000,7.000000
15,crosil42,Crosil 42,C1E,external,outer,20250331_C1E_crosil42_external.csv,1_4,12,1,6.724787,0.515093,3000,50.031250,199.981100,0,1.311465,0.136100,0.441530,80,8.750000,7.000000
15,crosil42,Crosil 42,C1E,external,outer,20250331_C1E_crosil42_external.csv,1_5,12,1,5.063222,0.303446,3000,50.031130,199.981000,1,1.600136,0.107430,0.235904,70,8.750000,7.000000
15,crosil42,Crosil 42,C1E,external,outer,20250331_C1E_crosil42_external.csv,1_6,12,1,7.267157,0.637619,3000,50.031130,199.981100,3,3.192690,0.059504,0.184498,80,8.750000,7.000000
15,crosil42,Crosil 42,C1E,external,outer,20250331_C1E_crosil42_external.csv,1_7,12,1,5.916225,0.294911,3000,50.031130,199.981100,0,0.847198,0.055245,0.157357,80,8.750000,7.000000
15,crosil42,Crosil 42,C1E,external,outer,20250331_C1E_crosil42_external.csv,1_8,12,1,5.770349,1.664758,922,50.031130,96.045380,1,4.562226,0.084800,0.247592,68,8.750000,7.000000
15,crosil42,Crosil 42,C1E,external,outer,20250331_C1E_crosil42_external.csv,1_9,12,0,,,0,,,,,0.044378,0.106696,21,8.750000,7.000000
15,crosil42,Crosil 42,C1E,external,outer,20250331_C1E_crosil42_external.csv,1_10,12,1,6.871921,1.735758,2543,50.031130,177.066900,1,15.198618,0.066820,0.139827,80,8.750000,7.000000
15,crosil42,Crosil 42,C1E,external,outer,20250331_C1E_crosil42_external.csv,1_11,12,1,6.528258,0.336729,3000,50.031250,199.981100,0,1.077859,0.069935,0.164772,80,8.750000,7.000000
15,crosil42,Crosil 42,C1E,external,outer,20250331_C1E_crosil42_external.csv,1_12,12,1,6.569101,0.872490,3000,50.031250,199.981100,1,6.164144,0.058783,0.136609,80,8.750000,7.000000
15,crosil42,Crosil 42,C1E,internal,inner,20250404_C1E_crosil42_internal.csv,1_1,10,1,4.890261,1.174125,3000,50.031130,199.981300,0,0.400903,0.073489,0.187147,80,16.736111,13.388889
15,crosil42,Crosil 42,C1E,internal,inner,20250404_C1E_crosil42_internal.csv,1_2,10,1,5.123150,0.445044,3000,50.031130,199.981300,0,0.448139,0.060835,0.140030,80,16.736111,13.388889
15,crosil42,Crosil 42,C1E,internal,inner,20250404_C1E_crosil42_internal.csv,1_3,10,1,4.670770,0.270697,3000,50.031250,199.981300,0,0.521746,0.105101,0.316518,78,16.736111,13.388889
15,crosil42,Crosil 42,C1E,internal,inner,20250404_C1E_crosil42_internal.csv,1_4,10,1,5.622302,0.365303,3000,50.031250,199.981300,1,1.530807,0.059334,0.147258,80,16.736111,13.388889
15,crosil42,Crosil 42,C1E,internal,inner,20250404_C1E_crosil42_internal.csv,1_5,10,1,4.083167,0.342925,3000,50.031250,199.981300,0,1.076500,0.123022,0.333638,77,16.736111,13.388889
15,crosil42,Crosil 42,C1E,internal,inner,20250404_C1E_crosil42_internal.csv,1_6,10,1,3.350473,0.116396,3000,50.031380,199.981400,0,0.333327,0.045885,0.115928,40,16.736111,13.388889
15,crosil42,Crosil 42,C1E,internal,inner,20250404_C1E_crosil42_internal.csv,1_7,10,1,2.769135,0.187592,3000,50.031130,199.981300,0,0.390485,0.059666,0.121373,36,16.736111,13.388889
15,crosil42,Crosil 42,C1E,internal,inner,20250404_C1E_crosil42_internal.csv,1_8,10,1,3.088972,0.333422,3000,50.031380,199.981300,0,1.372557,0.060186,0.128789,27,16.736111,13.388889
15,crosil42,Crosil 42,C1E,internal,inner,20250404_C1E_crosil42_internal.csv,1_9,10,1,1.980106,0.420221,3000,50.031250,199.981300,0,0.409435,0.049681,0.103489,32,16.736111,13.388889
15,crosil42,Crosil 42,C1E,internal,inner,20250404_C1E_crosil42_internal.csv,1_10,10,1,3.094001,0.156470,3000,50.031380,199.981500,0,0.295596,0.066870,0.168179,43,16.736111,13.388889
16,crosil42,Crosil 42,U2E,external,outer,20250528_U2E_crosil42_external.csv,1_1,10,1,9.630505,2.114345,3000,50.031000,199.981000,4,5.020635,0.066945,0.189377,80,8.750000,7.000000
16,crosil42,Crosil 42,U2E,external,outer,20250528_U2E_crosil42_external.csv,1_2,10,1,11.725062,3.167896,3000,50.031000,199.981000,9,4.283678,0.119286,0.278246,80,8.750000,7.000000
16,crosil42,Crosil 42,U2E,external,outer,20250528_U2E_crosil42_external.csv,1_3,10,1,14.736877,11.491114,3000,50.031000,199.981000,10,49.276984,0.116953,0.315204,80,8.750000,7.000000
16,crosil42,Crosil 42,U2E,external,outer,20250528_U2E_crosil42_external.csv,1_4,10,1,24.238510,28.975089,3000,50.031000,199.981000,15,78.598342,0.060784,0.154684,80,8.750000,7.000000
16,crosil42,Crosil 42,U2E,external,outer,20250528_U2E_crosil42_external.csv,1_5,10,1,10.618801,2.321569,3000,50.031000,199.981000,10,3.398830,0.086480,0.231693,80,8.750000,7.000000
16,crosil42,Crosil 42,U2E,external,outer,20250528_U2E_crosil42_external.csv,1_6,10,1,60.310707,71.802778,3000,50.031000,199.981000,9,114.339683,0.110812,0.331425,80,8.750000,7.000000
16,crosil42,Crosil 42,U2E,external,outer,20250528_U2E_crosil42_external.csv,1_7,10,1,10.907897,1.624401,3000,50.031000,199.981000,8,2.899663,0.061816,0.137020,80,8.750000,7.000000
16,crosil42,Crosil 42,U2E,external,outer,20250528_U2E_crosil42_external.csv,1_8,10,1,15.415950,9.666930,3000,50.031000,199.981000,15,45.169332,0.068678,0.179031,80,8.750000,7.000000
16,crosil42,Crosil 42,U2E,external,outer,20250528_U2E_crosil42_external.csv,1_9,10,1,9.676353,1.727912,3000,50.031000,199.981000,8,3.372370,0.067029,0.188874,80,8.750000,7.000000
16,crosil42,Crosil 42,U2E,external,outer,20250528_U2E_crosil42_external.csv,1_10,10,1,11.018866,1.815095,3000,50.031000,199.981000,10,5.017800,0.080447,0.184960,80,8.750000,7.000000
16,crosil42,Crosil 42,U2E,internal,inner,20250523_U2E_crosil42_internal.csv,1_1,10,1,12.195240,0.767267,3000,50.031000,199.981000,1,2.386095,0.051709,0.146454,80,8.125000,6.500000
16,crosil42,Crosil 42,U2E,internal,inner,20250523_U2E_crosil42_internal.csv,1_2,10,1,12.023648,1.060515,3000,50.031000,199.981000,3,1.986445,0.090977,0.213391,80,8.125000,6.500000
16,crosil42,Crosil 42,U2E,internal,inner,20250523_U2E_crosil42_internal.csv,1_3,10,1,10.175908,0.245620,3000,50.031000,199.981000,0,0.857899,0.083020,0.206256,80,8.125000,6.500000
16,crosil42,Crosil 42,U2E,internal,inner,20250523_U2E_crosil42_internal.csv,1_4,10,1,10.419372,0.129018,3000,50.031000,199.981000,0,0.286542,0.065008,0.181251,80,8.125000,6.500000
16,crosil42,Crosil 42,U2E,internal,inner,20250523_U2E_crosil42_internal.csv,1_5,10,1,10.736713,0.352640,3000,50.031000,199.981000,0,1.373780,0.084496,0.247686,80,8.125000,6.500000
16,crosil42,Crosil 42,U2E,internal,inner,20250523_U2E_crosil42_internal.csv,1_6,10,1,10.887754,0.630253,3000,50.031000,199.981000,6,1.917398,0.047728,0.133176,80,8.125000,6.500000
16,crosil42,Crosil 42,U2E,internal,inner,20250523_U2E_crosil42_internal.csv,1_7,10,1,13.353488,11.016984,3000,50.031000,199.981000,6,72.097584,0.061853,0.197194,80,8.125000,6.500000
16,crosil42,Crosil 42,U2E,internal,inner,20250523_U2E_crosil42_internal.csv,1_8,10,1,11.228024,0.788246,3000,50.031000,199.981000,4,2.393837,0.071832,0.176287,80,8.125000,6.500000
16,crosil42,Crosil 42,U2E,internal,inner,20250523_U2E_crosil42_internal.csv,1_9,10,1,14.573434,8.405668,3000,50.031000,199.981000,2,17.580741,0.057569,0.145012,80,8.125000,6.500000
16,crosil42,Crosil 42,U2E,internal,inner,20250523_U2E_crosil42_internal.csv,1_10,10,1,10.494631,0.481681,3000,50.031000,199.981000,0,1.205777,0.048885,0.129489,80,8.125000,6.500000
17,crosil42,Crosil 42,T1E,external,outer,20250428_T1E_crosil42_external.csv,1_1,10,1,5.407776,0.387761,3000,50.031130,199.981100,2,2.361413,0.068685,0.149587,80,5.000000,4.000000
17,crosil42,Crosil 42,T1E,external,outer,20250428_T1E_crosil42_external.csv,1_2,10,1,5.401892,0.219307,3000,50.031130,199.981300,0,0.590901,0.059795,0.143514,80,5.000000,4.000000
17,crosil42,Crosil 42,T1E,external,outer,20250428_T1E_crosil42_external.csv,1_3,10,1,5.990203,3.499535,2790,50.031130,189.444100,2,17.666528,0.065753,0.141773,80,5.000000,4.000000
17,crosil42,Crosil 42,T1E,external,outer,20250428_T1E_crosil42_external.csv,1_4,10,1,5.131195,0.175453,3000,50.031130,199.981100,0,0.301906,0.068386,0.187746,80,5.000000,4.000000
17,crosil42,Crosil 42,T1E,external,outer,20250428_T1E_crosil42_external.csv,1_5,10,1,5.458006,0.219651,3000,50.031130,199.981300,0,0.470224,0.082118,0.192801,80,5.000000,4.000000
17,crosil42,Crosil 42,T1E,external,outer,20250428_T1E_crosil42_external.csv,1_6,10,1,5.623333,0.202743,3000,50.031130,199.981100,0,0.232251,0.078144,0.221171,80,5.000000,4.000000
17,crosil42,Crosil 42,T1E,external,outer,20250428_T1E_crosil42_external.csv,1_7,10,1,5.536774,0.353232,3000,50.031130,199.981300,0,1.023632,0.089721,0.216413,80,5.000000,4.000000
17,crosil42,Crosil 42,T1E,external,outer,20250428_T1E_crosil42_external.csv,1_8,10,1,5.093217,0.143775,3000,50.031130,199.981100,0,0.382369,0.068277,0.143894,80,5.000000,4.000000
17,crosil42,Crosil 42,T1E,external,outer,20250428_T1E_crosil42_external.csv,1_9,10,1,4.003609,0.190619,3000,50.031250,199.981400,0,0.516149,0.080877,0.201939,45,5.000000,4.000000
17,crosil42,Crosil 42,T1E,external,outer,20250428_T1E_crosil42_external.csv,1_10,10,1,5.741265,0.208281,3000,50.031000,199.981100,0,0.726741,0.059729,0.141860,80,5.000000,4.000000
17,crosil42,Crosil 42,T1E,internal,inner,20250425_T1E_crosil42_internal.csv,1_1,10,1,5.228689,0.254880,3000,50.031250,199.981400,0,0.408135,0.086184,0.221092,80,8.750000,7.000000
17,crosil42,Crosil 42,T1E,internal,inner,20250425_T1E_crosil42_internal.csv,1_2,10,1,3.336588,0.196246,3000,50.031250,199.981400,0,0.389040,0.073688,0.175073,80,8.750000,7.000000
17,crosil42,Crosil 42,T1E,internal,inner,20250425_T1E_crosil42_internal.csv,1_3,10,1,4.341838,0.278273,3000,50.031250,199.981300,0,0.331681,0.074443,0.155362,80,8.750000,7.000000
17,crosil42,Crosil 42,T1E,internal,inner,20250425_T1E_crosil42_internal.csv,1_4,10,1,4.214608,0.185038,3000,50.031250,199.981300,0,0.597762,0.074580,0.209862,80,8.750000,7.000000
17,crosil42,Crosil 42,T1E,internal,inner,20250425_T1E_crosil42_internal.csv,1_5,10,1,3.543852,0.404154,3000,50.031380,199.981400,0,0.666510,0.101970,0.221918,80,8.750000,7.000000
17,crosil42,Crosil 42,T1E,internal,inner,20250425_T1E_crosil42_internal.csv,1_6,10,1,3.478845,0.325353,3000,50.031500,199.981500,0,0.570151,0.047659,0.120669,80,8.750000,7.000000
17,crosil42,Crosil 42,T1E,internal,inner,20250425_T1E_crosil42_internal.csv,1_7,10,1,4.655607,0.134802,3000,50.031250,199.981300,0,0.339275,0.065127,0.160571,80,8.750000,7.000000
17,crosil42,Crosil 42,T1E,internal,inner,20250425_T1E_crosil42_internal.csv,1_8,10,1,5.057099,0.182033,3000,50.031250,199.981400,0,0.371782,0.072643,0.155374,80,8.750000,7.000000
17,crosil42,Crosil 42,T1E,internal,inner,20250425_T1E_crosil42_internal.csv,1_9,10,1,4.702330,0.191108,3000,50.031250,199.981300,0,0.375015,0.087164,0.226747,80,8.750000,7.000000
17,crosil42,Crosil 42,T1E,internal,inner,20250425_T1E_crosil42_internal.csv,1_10,10,1,4.678875,0.334969,3000,50.031250,199.981300,0,0.392891,0.051677,0.138706,80,8.750000,7.000000
18,crosil42,Crosil 42,T2E,external,outer,20250409_T2E_crosil42_external.csv,1_1,11,1,8.838509,0.828445,3000,50.031250,199.981100,4,2.060778,0.073418,0.169222,80,7.407407,5.925926
18,crosil42,Crosil 42,T2E,external,outer,20250409_T2E_crosil42_external.csv,1_2,11,1,8.933359,0.587009,3000,50.031000,199.981300,0,1.066735,0.103654,0.206030,80,7.407407,5.925926
18,crosil42,Crosil 42,T2E,external,outer,20250409_T2E_crosil42_external.csv,1_3,11,1,10.079762,1.028088,3000,50.031000,199.981000,7,2.447766,0.120190,0.353523,80,7.407407,5.925926
18,crosil42,Crosil 42,T2E,external,outer,20250409_T2E_crosil42_external.csv,1_4,11,1,9.373538,1.792875,3000,50.031250,199.981100,2,11.246791,0.066194,0.166662,80,7.407407,5.925926
18,crosil42,Crosil 42,T2E,external,outer,20250409_T2E_crosil42_external.csv,1_5,11,1,8.182930,0.612055,3000,50.031380,199.981300,1,2.249948,0.063905,0.172684,80,7.407407,5.925926
18,crosil42,Crosil 42,T2E,external,outer,20250409_T2E_crosil42_external.csv,1_6,11,1,7.338135,0.707150,3000,50.031380,199.981400,2,2.352344,0.043288,0.071188,23,7.407407,5.925926
18,crosil42,Crosil 42,T2E,external,outer,20250409_T2E_crosil42_external.csv,1_7,11,1,8.186015,2.443016,1335,50.031500,116.660600,4,12.803611,0.083687,0.187922,30,7.407407,5.925926
18,crosil42,Crosil 42,T2E,external,outer,20250409_T2E_crosil42_external.csv,1_8,11,1,5.609286,1.223291,1426,50.031130,121.239000,1,6.628455,0.053154,0.146975,27,7.407407,5.925926
18,crosil42,Crosil 42,T2E,external,outer,20250409_T2E_crosil42_external.csv,1_9,11,1,8.256953,0.274725,3000,50.031130,199.981300,0,0.751175,0.070025,0.179489,80,7.407407,5.925926
18,crosil42,Crosil 42,T2E,external,outer,20250409_T2E_crosil42_external.csv,1_10,11,1,8.862686,7.731850,2563,50.031500,178.094500,9,25.019081,0.035433,0.081819,25,7.407407,5.925926
18,crosil42,Crosil 42,T2E,external,outer,20250409_T2E_crosil42_external.csv,1_11,11,1,7.895262,0.223450,3000,50.031130,199.981300,0,0.601332,0.079964,0.208228,80,7.407407,5.925926
18,crosil42,Crosil 42,T2E,internal,inner,20250411_T2E_crosil42_internal.csv,1_1,10,1,4.930202,0.665343,3000,50.031380,199.981100,0,0.719546,0.059047,0.163725,80,10.128205,8.102564
18,crosil42,Crosil 42,T2E,internal,inner,20250411_T2E_crosil42_internal.csv,1_2,10,1,5.604054,0.463890,3000,50.031380,199.981300,0,1.172147,0.095646,0.214869,80,10.128205,8.102564
18,crosil42,Crosil 42,T2E,internal,inner,20250411_T2E_crosil42_internal.csv,1_3,10,1,4.367915,0.408728,3000,50.031250,199.981400,0,1.276469,0.055402,0.118126,51,10.128205,8.102564
18,crosil42,Crosil 42,T2E,internal,inner,20250411_T2E_crosil42_internal.csv,1_4,10,1,4.112236,0.290803,3000,50.031250,199.981400,0,1.127564,0.088350,0.179285,39,10.128205,8.102564
18,crosil42,Crosil 42,T2E,internal,inner,20250411_T2E_crosil42_internal.csv,1_5,10,1,4.255744,0.475872,3000,50.031380,199.981400,0,1.097425,0.072327,0.143291,37,10.128205,8.102564
18,crosil42,Crosil 42,T2E,internal,inner,20250411_T2E_crosil42_internal.csv,1_6,10,1,4.478063,0.230026,3000,50.031250,199.981300,0,0.675514,0.040283,0.121156,46,10.128205,8.102564
18,crosil42,Crosil 42,T2E,internal,inner,20250411_T2E_crosil42_internal.csv,1_7,10,1,4.154648,0.237224,3000,50.031380,199.981100,0,0.488933,0.060238,0.127774,40,10.128205,8.102564
18,crosil42,Crosil 42,T2E,internal,inner,20250411_T2E_crosil42_internal.csv,1_8,10,1,4.441644,0.268019,3000,50.031130,199.981100,0,0.558584,0.074992,0.231401,49,10.128205,8.102564
18,crosil42,Crosil 42,T2E,internal,inner,20250411_T2E_crosil42_internal.csv,1_9,10,1,4.209530,0.254331,3000,50.031250,199.981300,0,0.319826,0.100708,0.179889,39,10.128205,8.102564
18,crosil42,Crosil 42,T2E,internal,inner,20250411_T2E_crosil42_internal.csv,1_10,10,1,5.138381,0.398924,3000,50.031130,199.981300,0,0.859997,0.093390,0.221571,48,10.128205,8.102564
19,crosil42,Crosil 42,C1EN,external,outer,20250519_C1EN_crosil42_external.csv,1_1,10,1,6.245392,0.462483,3000,50.031250,199.981300,0,0.468530,0.064707,0.168836,80,8.750000,7.000000
19,crosil42,Crosil 42,C1EN,external,outer,20250519_C1EN_crosil42_external.csv,1_2,10,1,6.828015,0.936023,3000,50.031250,199.981100,2,1.905706,0.093743,0.215552,80,8.750000,7.000000
19,crosil42,Crosil 42,C1EN,external,outer,20250519_C1EN_crosil42_external.csv,1_3,10,1,6.486982,0.627378,3000,50.031250,199.981300,0,0.582440,0.142481,0.529021,80,8.750000,7.000000
19,crosil42,Crosil 42,C1EN,external,outer,20250519_C1EN_crosil42_external.csv,1_4,10,1,5.816102,0.421988,3000,50.031250,199.981300,0,0.546715,0.127653,0.266339,80,8.750000,7.000000
19,crosil42,Crosil 42,C1EN,external,outer,20250519_C1EN_crosil42_external.csv,1_5,10,1,7.742081,1.298381,3000,50.031250,199.981300,0,0.745097,0.109406,0.246885,80,8.750000,7.000000
19,crosil42,Crosil 42,C1EN,external,outer,20250519_C1EN_crosil42_external.csv,1_6,10,1,6.087468,1.471443,3000,50.031250,199.981300,0,0.873911,0.058241,0.133034,80,8.750000,7.000000
19,crosil42,Crosil 42,C1EN,external,outer,20250519_C1EN_crosil42_external.csv,1_7,10,1,5.676462,0.472822,3000,50.031250,199.981300,0,0.504002,0.071389,0.155454,80,8.750000,7.000000
19,crosil42,Crosil 42,C1EN,external,outer,20250519_C1EN_crosil42_external.csv,1_8,10,1,7.896753,0.547329,3000,50.031250,199.981300,0,0.837640,0.090755,0.207578,80,8.750000,7.000000
19,crosil42,Crosil 42,C1EN,external,outer,20250519_C1EN_crosil42_external.csv,1_9,10,1,6.003281,0.274872,3000,50.031250,199.981300,0,0.638217,0.062749,0.169040,80,8.750000,7.000000
19,crosil42,Crosil 42,C1EN,external,outer,20250519_C1EN_crosil42_external.csv,1_10,10,1,5.663416,0.750302,3000,50.031380,199.981300,0,0.466771,0.092604,0.220065,80,8.750000,7.000000
19,crosil42,Crosil 42,C1EN,internal,inner,20250519_C1EN_crosil42_internal.csv,1_1,10,1,7.136514,0.762850,3000,50.031380,199.981300,2,1.539316,0.070997,0.230723,80,8.750000,7.000000
19,crosil42,Crosil 42,C1EN,internal,inner,20250519_C1EN_crosil42_internal.csv,1_2,10,1,6.605655,0.892355,3000,50.031250,199.981300,0,0.619000,0.066052,0.188896,80,8.750000,7.000000
19,crosil42,Crosil 42,C1EN,internal,inner,20250519_C1EN_crosil42_internal.csv,1_3,10,1,11.512702,1.008034,3000,50.031380,199.981300,9,3.691744,0.068851,0.144613,80,8.750000,7.000000
19,crosil42,Crosil 42,C1EN,internal,inner,20250519_C1EN_crosil42_internal.csv,1_4,10,1,8.224367,1.006700,3000,50.031380,199.981400,1,2.044131,0.074323,0.232141,80,8.750000,7.000000
19,crosil42,Crosil 42,C1EN,internal,inner,20250519_C1EN_crosil42_internal.csv,1_5,10,1,6.692395,0.676942,3000,50.031250,199.981100,0,0.702239,0.113465,0.325114,80,8.750000,7.000000
19,crosil42,Crosil 42,C1EN,internal,inner,20250519_C1EN_crosil42_internal.csv,1_6,10,1,7.399618,0.722813,3000,50.031250,199.981300,0,1.176372,0.055333,0.149090,80,8.750000,7.000000
19,crosil42,Crosil 42,C1EN,internal,inner,20250519_C1EN_crosil42_internal.csv,1_7,10,1,6.449255,0.868590,3000,50.031250,199.981400,2,2.023622,0.076030,0.176173,80,8.750000,7.000000
19,crosil42,Crosil 42,C1EN,internal,inner,20250519_C1EN_crosil42_internal.csv,1_8,10,1,7.199880,1.129303,3000,50.031250,199.981300,4,4.137453,0.107498,0.294027,80,8.750000,7.000000
19,crosil42,Crosil 42,C1EN,internal,inner,20250519_C1EN_crosil42_internal.csv,1_9,10,1,5.740292,0.482267,3000,50.031250,199.981300,0,0.423864,0.083629,0.249001,80,8.750000,7.000000
19,crosil42,Crosil 42,C1EN,internal,inner,20250519_C1EN_crosil42_internal.csv,1_10,10,1,12.804504,1.037228,3000,50.031250,199.981300,2,1.556949,0.133728,0.300526,80,8.750000,7.000000
20,crosil42,Crosil 42,T1EN,external,outer,20250514_T1EN_crosil42_external.csv,1_1,10,1,8.685243,0.340338,3000,50.031380,199.981300,0,0.815872,0.067004,0.171328,80,30.000000,24.000000
20,crosil42,Crosil 42,T1EN,external,outer,20250514_T1EN_crosil42_external.csv,1_2,10,1,9.102552,0.423819,3000,50.031380,199.981300,0,0.791938,0.086480,0.209074,80,30.000000,24.000000
20,crosil42,Crosil 42,T1EN,external,outer,20250514_T1EN_crosil42_external.csv,1_3,10,1,7.147979,0.638987,3000,50.031380,199.981300,0,0.642859,0.063565,0.165462,80,30.000000,24.000000
20,crosil42,Crosil 42,T1EN,external,outer,20250514_T1EN_crosil42_external.csv,1_4,10,1,8.774803,0.408832,3000,50.031380,199.981300,0,0.691452,0.064459,0.198485,80,30.000000,24.000000
20,crosil42,Crosil 42,T1EN,external,outer,20250514_T1EN_crosil42_external.csv,1_5,10,1,8.239649,0.273983,3000,50.031380,199.981300,0,0.787226,0.071834,0.225403,80,30.000000,24.000000
20,crosil42,Crosil 42,T1EN,external,outer,20250514_T1EN_crosil42_external.csv,1_6,10,1,7.508519,0.390471,3000,50.031380,199.981300,0,0.602111,0.089512,0.190299,80,30.000000,24.000000
20,crosil42,Crosil 42,T1EN,external,outer,20250514_T1EN_crosil42_external.csv,1_7,10,1,8.247571,0.295742,3000,50.031380,199.981300,1,1.825779,0.067070,0.158957,80,30.000000,24.000000
20,crosil42,Crosil 42,T1EN,external,outer,20250514_T1EN_crosil42_external.csv,1_8,10,1,8.282361,1.301664,3000,50.031500,199.981300,1,13.080225,0.051028,0.123163,80,30.000000,24.000000
20,crosil42,Crosil 42,T1EN,external,outer,20250514_T1EN_crosil42_external.csv,1_9,10,1,8.865827,0.529037,3000,50.031380,199.981300,0,0.963292,0.093798,0.280153,80,30.000000,24.000000
20,crosil42,Crosil 42,T1EN,external,outer,20250514_T1EN_crosil42_external.csv,1_10,10,1,9.638348,0.664835,3000,50.031380,199.981400,3,1.820922,0.058542,0.136975,80,30.000000,24.000000
20,crosil42,Crosil 42,T1EN,internal,inner,20250514_T1EN_crosil42_internal_dup1.csv,1_1,10,1,10.811189,2.084521,3000,50.031380,199.981300,8,8.521356,0.073534,0.172819,80,30.000000,24.000000
20,crosil42,Crosil 42,T1EN,internal,inner,20250514_T1EN_crosil42_internal_dup1.csv,1_2,10,1,12.415948,1.688448,3000,50.031500,199.981400,15,5.351104,0.068441,0.169698,80,30.000000,24.000000
20,crosil42,Crosil 42,T1EN,internal,inner,20250514_T1EN_crosil42_internal_dup1.csv,1_3,10,1,10.313044,2.011623,3000,50.031380,199.981300,2,2.139611,0.060336,0.150884,80,30.000000,24.000000
20,crosil42,Crosil 42,T1EN,internal,inner,20250514_T1EN_crosil42_internal_dup1.csv,1_4,10,1,10.902247,0.380345,3000,50.031500,199.981300,1,1.698355,0.068824,0.166583,80,30.000000,24.000000
20,crosil42,Crosil 42,T1EN,internal,inner,20250514_T1EN_crosil42_internal_dup1.csv,1_5,10,1,11.847074,0.760407,3000,50.031380,199.981300,6,3.165108,0.081611,0.164851,80,30.000000,24.000000
20,crosil42,Crosil 42,T1EN,internal,inner,20250514_T1EN_crosil42_internal_dup1.csv,1_6,10,1,8.690337,0.919116,3000,50.031500,199.981300,4,4.595871,0.070499,0.157438,80,30.000000,24.000000
20,crosil42,Crosil 42,T1EN,internal,inner,20250514_T1EN_crosil42_internal_dup1.csv,1_7,10,1,12.312598,1.828935,3000,50.031500,199.981300,3,4.347802,0.060636,0.167394,80,30.000000,24.000000
20,crosil42,Crosil 42,T1EN,internal,inner,20250514_T1EN_crosil42_internal_dup1.csv,1_8,10,1,8.024601,0.530221,3000,50.031380,199.981300,2,1.783045,0.073639,0.220801,80,30.000000,24.000000
20,crosil42,Crosil 42,T1EN,internal,inner,20250514_T1EN_crosil42_internal_dup1.csv,1_9,10,1,11.431253,0.884556,3000,50.031380,199.981300,7,3.282171,0.068466,0.195745,80,30.000000,24.000000
20,crosil42,Crosil 42,T1EN,internal,inner,20250514_T1EN_crosil42_internal_dup1.csv,1_10,10,1,11.628070,1.979950,3000,50.031380,199.981300,9,5.717222,0.062414,0.169587,80,30.000000,24.000000
21,crosil42,Crosil 42,T2EN,external,outer,20250523_T2EN_crosil42_external.csv,1_1,10,1,8.106062,0.924022,3000,50.031130,199.981100,0,1.188891,0.050255,0.114132,80,5.000000,4.000000
21,crosil42,Crosil 42,T2EN,external,outer,20250523_T2EN_crosil42_external.csv,1_2,10,1,7.637190,0.956635,3000,50.031130,199.981400,3,1.974183,0.060905,0.146208,80,5.000000,4.000000
21,crosil42,Crosil 42,T2EN,external,outer,20250523_T2EN_crosil42_external.csv,1_3,10,1,9.424355,1.769281,3000,50.031130,199.981300,9,6.431111,0.066328,0.169192,80,5.000000,4.000000
21,crosil42,Crosil 42,T2EN,external,outer,20250523_T2EN_crosil42_external.csv,1_4,10,1,8.821095,1.066256,3000,50.031130,199.981300,3,4.527972,0.091689,0.287277,80,5.000000,4.000000
21,crosil42,Crosil 42,T2EN,external,outer,20250523_T2EN_crosil42_external.csv,1_5,10,1,7.963341,0.907048,3000,50.031000,199.981300,2,2.889099,0.098066,0.379574,80,5.000000,4.000000
21,crosil42,Crosil 42,T2EN,external,outer,20250523_T2EN_crosil42_external.csv,1_6,10,1,8.730938,1.530921,3000,50.031000,199.981300,6,2.313325,0.052578,0.162141,80,5.000000,4.000000
21,crosil42,Crosil 42,T2EN,external,outer,20250523_T2EN_crosil42_external.csv,1_7,10,1,9.668990,1.705156,3000,50.031130,199.981300,9,5.193190,0.083967,0.219267,80,5.000000,4.000000
21,crosil42,Crosil 42,T2EN,external,outer,20250523_T2EN_crosil42_external.csv,1_8,10,1,7.413574,0.821406,3000,50.031130,199.981300,1,1.884170,0.061347,0.170792,80,5.000000,4.000000
21,crosil42,Crosil 42,T2EN,external,outer,20250523_T2EN_crosil42_external.csv,1_9,10,1,7.638622,1.189477,3000,50.031130,199.981300,3,2.625123,0.078048,0.198710,80,5.000000,4.000000
21,crosil42,Crosil 42,T2EN,external,outer,20250523_T2EN_crosil42_external.csv,1_10,10,1,7.473604,0.537087,3000,50.031250,199.981300,3,1.842686,0.169157,0.494376,80,5.000000,4.000000
21,crosil42,Crosil 42,T2EN,internal,inner,20250523_T2EN_crosil42_internal.csv,1_1,10,1,7.844901,0.214202,3000,50.031130,199.981300,0,0.642014,0.069465,0.152820,80,8.750000,7.000000
21,crosil42,Crosil 42,T2EN,internal,inner,20250523_T2EN_crosil42_internal.csv,1_2,10,1,8.808167,0.401928,3000,50.031130,199.981100,0,0.287644,0.059136,0.125034,80,8.750000,7.000000
21,crosil42,Crosil 42,T2EN,internal,inner,20250523_T2EN_crosil42_internal.csv,1_3,10,1,8.505302,0.331534,3000,50.031130,199.981300,0,0.577482,0.067166,0.170869,80,8.750000,7.000000
21,crosil42,Crosil 42,T2EN,internal,inner,20250523_T2EN_crosil42_internal.csv,1_4,10,1,8.376292,0.758014,3000,50.031130,199.981300,1,6.530132,0.087734,0.233427,80,8.750000,7.000000
21,crosil42,Crosil 42,T2EN,internal,inner,20250523_T2EN_crosil42_internal.csv,1_5,10,1,8.287957,0.229799,3000,50.031130,199.981300,0,0.814728,0.082819,0.206705,80,8.750000,7.000000
21,crosil42,Crosil 42,T2EN,internal,inner,20250523_T2EN_crosil42_internal.csv,1_6,10,1,9.152558,0.533010,3000,50.031130,199.981300,0,0.589184,0.058180,0.144818,80,8.750000,7.000000
21,crosil42,Crosil 42,T2EN,internal,inner,20250523_T2EN_crosil42_internal.csv,1_7,10,1,8.789542,0.479150,3000,50.031130,199.981300,0,0.506662,0.059302,0.151048,80,8.750000,7.000000
21,crosil42,Crosil 42,T2EN,internal,inner,20250523_T2EN_crosil42_internal.csv,1_8,10,1,7.904244,0.210581,3000,50.031000,199.981300,0,0.764607,0.051628,0.118028,80,8.750000,7.000000
21,crosil42,Crosil 42,T2EN,internal,inner,20250523_T2EN_crosil42_internal.csv,1_9,10,1,8.820497,0.390834,3000,50.031000,199.981300,0,1.208097,0.086440,0.207294,80,8.750000,7.000000
21,crosil42,Crosil 42,T2EN,internal,inner,20250523_T2EN_crosil42_internal.csv,1_10,10,1,9.069627,0.830845,3000,50.031130,199.981300,1,1.527831,0.129156,0.279363,80,8.750000,7.000000
